id_participant,id_block,id_trial,id_scene,id_orientation,rt,hit,x_pos_unmirr,x_pos_mirr,y_pos,age,handedness,gender,date,rt_scaled,is_outlier
1,1,1,Kitchen_9,original,NA,0,-0.34284907618120436,-0.34284907618120436,0.12856132266248282,25,left,female,2022-09-20T11:43:00Z,NA,0
1,1,2,Kitchen_1,mirrored,12.734434833997511,1,-0.07911162306018871,-0.07911162306018871,0.381261159231004,25,left,female,2022-09-20T11:43:00Z,2.4933879452443697,0
1,1,3,Kitchen_7,original,2.2758833749976475,1,-0.530392405469754,-0.530392405469754,-0.00558763794683142,25,left,female,2022-09-20T11:43:00Z,-0.5059235354861974,0
1,1,4,Office_7,original,2.674419374998251,1,0.1932854545157715,0.1932854545157715,0.3518143553852064,25,left,female,2022-09-20T11:43:00Z,-0.39163107300013955,0
1,1,5,Office_9,new,1.653290417001699,1,-0.39274710033934074,-0.39274710033934074,0.3213250167784343,25,left,female,2022-09-20T11:43:00Z,-0.6844712257719632,0
1,1,6,Bedroom_10,original,11.008211542000936,1,0.6511467305271116,0.6511467305271116,0.23490015535123152,25,left,female,2022-09-20T11:43:00Z,1.9983402937328896,0
1,1,7,Bedroom_4,original,2.2052855829970213,1,-0.41652119333329696,-0.41652119333329696,0.33606648403159106,25,left,female,2022-09-20T11:43:00Z,-0.526169624908026,0
1,1,8,Office_10,original,2.9575794160045916,1,-0.26041216427081587,-0.26041216427081587,-0.08261603429343506,25,left,female,2022-09-20T11:43:00Z,-0.31042621731779524,0
1,1,9,Kitchen_8,original,2.0337602500003413,1,-0.6667260295518891,-0.6667260295518891,0.15614928596852656,25,left,female,2022-09-20T11:43:00Z,-0.5753597926391768,0
1,1,10,Office_6,mirrored,1.9174891249931536,1,-0.2691876774591183,-0.2691876774591183,0.31351773948842676,25,left,female,2022-09-20T11:43:00Z,-0.6087041158447984,0
1,1,11,Bathroom_10,mirrored,3.924721208997653,1,0.6809963807213593,0.6809963807213593,-0.09948211268155176,25,left,female,2022-09-20T11:43:00Z,-0.03306854550347795,0
1,1,12,Kitchen_6,mirrored,7.535901582996303,1,0.01637203980327373,0.01637203980327373,-0.1878791861165361,25,left,female,2022-09-20T11:43:00Z,1.0025485566529244,0
1,1,13,Bathroom_5,new,8.042317374995037,1,-0.11101980988674189,-0.11101980988674189,-0.33930107841724266,25,left,female,2022-09-20T11:43:00Z,1.1477788693706585,0
1,1,14,Bedroom_8,new,1.449556459003361,1,0.1978660154130535,0.1978660154130535,0.3559662656254816,25,left,female,2022-09-20T11:43:00Z,-0.7428982079056371,0
1,1,15,Office_2,new,NA,0,0.4981708450088115,0.4981708450088115,0.1726871618308523,25,left,female,2022-09-20T11:43:00Z,NA,0
1,1,16,Office_5,new,1.9435350420026225,1,0.08299743156605288,0.08299743156605288,0.3913677136030615,25,left,female,2022-09-20T11:43:00Z,-0.6012346476092684,0
1,1,17,Bathroom_4,mirrored,NA,0,0.5263061059737076,0.5263061059737076,0.02823928365510425,25,left,female,2022-09-20T11:43:00Z,NA,0
1,1,18,Bedroom_2,original,2.479393875000824,1,-0.535673084741427,-0.535673084741427,-0.30187840411184186,25,left,female,2022-09-20T11:43:00Z,-0.44756063680929814,0
1,1,19,Office_8,new,NA,0,0.2203003995549198,0.2203003995549198,0.02367960206222918,25,left,female,2022-09-20T11:43:00Z,NA,0
1,1,20,Bathroom_9,mirrored,2.361875083995983,1,0.612035030360069,0.612035030360069,0.1876190606987904,25,left,female,2022-09-20T11:43:00Z,-0.4812627666352294,0
1,1,21,Kitchen_10,original,10.519627916997706,1,-0.2299318114426077,-0.2299318114426077,0.17159995448795318,25,left,female,2022-09-20T11:43:00Z,1.8582239036654948,0
1,1,22,Bathroom_1,mirrored,1.3760656250015018,1,0.06143711587072054,0.06143711587072054,0.1872531609480714,25,left,female,2022-09-20T11:43:00Z,-0.7639739661513512,0
1,1,23,Bathroom_2,new,NA,0,0.16371814400254492,0.16371814400254492,0.3124951827897114,25,left,female,2022-09-20T11:43:00Z,NA,0
1,1,24,Kitchen_3,mirrored,2.3572703750032815,1,-0.5236674178334837,-0.5236674178334837,0.3416531971140406,25,left,female,2022-09-20T11:43:00Z,-0.4825833086434965,0
1,1,25,Kitchen_5,new,1.476802167002461,1,-0.5004721122704672,-0.5004721122704672,-0.2195360879647481,25,left,female,2022-09-20T11:43:00Z,-0.7350846626816461,0
1,1,26,Bedroom_3,mirrored,2.489372624993848,1,-0.6821160116905415,-0.6821160116905415,-0.1402605476100116,25,left,female,2022-09-20T11:43:00Z,-0.44469892316427306,0
1,1,27,Bathroom_6,new,NA,0,-0.5690384074393449,-0.5690384074393449,0.04238443700990246,25,left,female,2022-09-20T11:43:00Z,NA,0
1,1,28,Bedroom_1,mirrored,1.541473292003502,1,-0.6394282475475966,-0.6394282475475966,-0.06132193211675541,25,left,female,2022-09-20T11:43:00Z,-0.7165382274082919,0
1,1,29,Kitchen_2,new,1.9863575839990515,1,-0.5992865041667904,-0.5992865041667904,0.12974781993095957,25,left,female,2022-09-20T11:43:00Z,-0.5889539658774371,0
1,1,30,Bedroom_6,original,8.016112707999127,1,0.14132913156596205,0.14132913156596205,-0.10532028042107083,25,left,female,2022-09-20T11:43:00Z,1.1402638746911689,0
2,1,1,Bathroom_3,mirrored,5.924387790997571,1,0.6902131574918087,0.6902131574918087,-0.0161488107514226,30,right,male,2022-09-20T12:15:00Z,0.5224393164261958,0
2,1,2,Bathroom_4,new,9.520950792000804,1,-0.6781134469053953,-0.6781134469053953,-0.3035409383084682,30,right,male,2022-09-20T12:15:00Z,2.0212876031512748,0
2,1,3,Bathroom_5,mirrored,NA,0,-0.6380572275326534,-0.6380572275326534,0.3658732872045367,30,right,male,2022-09-20T12:15:00Z,NA,0
2,1,4,Bedroom_10,original,1.8485935410062664,1,-0.19595916913992273,-0.19595916913992273,0.0152543935576016,30,right,male,2022-09-20T12:15:00Z,-1.1761260157921858,0
2,1,5,Office_7,original,2.6143805000028806,1,-0.5290202343245594,-0.5290202343245594,0.3679560584483372,30,right,male,2022-09-20T12:15:00Z,-0.8569884193790785,0
2,1,6,Kitchen_2,original,3.442727624998952,1,-0.35779162698232614,-0.35779162698232614,-0.25299261780930415,30,right,male,2022-09-20T12:15:00Z,-0.5117792102625746,0
2,1,7,Office_4,new,5.178053000003274,1,0.2178326944738077,0.2178326944738077,-0.24439409616448893,30,right,male,2022-09-20T12:15:00Z,0.211408306405494,0
2,1,8,Bedroom_9,original,4.196420542000851,1,0.27082633802435085,0.27082633802435085,0.31115801474273225,30,right,male,2022-09-20T12:15:00Z,-0.1976817408035351,0
2,1,9,Bathroom_2,original,3.6713088339965902,1,0.3656614104487188,0.3656614104487188,-0.3642648022623469,30,right,male,2022-09-20T12:15:00Z,-0.41651922082596804,0
2,1,11,Bathroom_6,mirrored,NA,0,0.5380791815848759,0.5380791815848759,-0.3119818890817943,30,right,male,2022-09-20T12:15:00Z,NA,0
2,1,12,Office_8,new,5.57237191600143,1,-0.5001710542340352,-0.5001710542340352,-0.3749098143621699,30,right,male,2022-09-20T12:15:00Z,0.3757385938221928,0
2,1,13,Bedroom_5,original,NA,0,0.6120571577404286,0.6120571577404286,0.21869780057042887,30,right,male,2022-09-20T12:15:00Z,NA,0
2,1,14,Office_9,new,8.52372679200198,1,0.447446861385833,0.447446861385833,-0.17240259060017005,30,right,male,2022-09-20T12:15:00Z,1.605699864673613,0
2,1,16,Kitchen_6,original,2.9321058749992517,1,0.5063406658978314,0.5063406658978314,-0.3605115625264501,30,right,male,2022-09-20T12:15:00Z,-0.7245780782201566,0
2,1,18,Bedroom_1,new,5.957246750003833,1,0.17712282744047048,0.17712282744047048,-0.0643515560636832,30,right,male,2022-09-20T12:15:00Z,0.5361331108617076,0
2,1,20,Kitchen_8,original,7.931322500000533,1,-0.5983202333638026,-0.5983202333638026,0.34827453306268374,30,right,male,2022-09-20T12:15:00Z,1.3588185622003146,0
2,1,21,Office_1,mirrored,NA,0,0.19335856309052968,0.19335856309052968,0.02148845863843174,30,right,male,2022-09-20T12:15:00Z,NA,0
2,1,22,Kitchen_5,original,NA,0,0.05937104128714998,0.05937104128714998,-0.2329041307711336,30,right,male,2022-09-20T12:15:00Z,NA,0
2,1,23,Bedroom_4,new,2.9584202080004616,1,-0.6841739686880649,-0.6841739686880649,-0.37899633463348387,30,right,male,2022-09-20T12:15:00Z,-0.7136117214722908,0
2,1,24,Bathroom_10,new,2.075468749993888,1,-0.5267634920810969,-0.5267634920810969,-0.05905093810178419,30,right,male,2022-09-20T12:15:00Z,-1.081576992684114,0
2,1,27,Kitchen_1,new,3.346236041004886,1,-0.5094734240339168,-0.5094734240339168,-0.05195348876705918,30,right,male,2022-09-20T12:15:00Z,-0.5519915589167069,0
2,1,28,Bathroom_7,mirrored,NA,0,-0.5118854702172839,-0.5118854702172839,0.04571702855657883,30,right,male,2022-09-20T12:15:00Z,NA,0
2,1,29,Bathroom_8,mirrored,3.4014819169969996,1,-0.09819821974686992,-0.09819821974686992,0.10899881608394836,30,right,male,2022-09-20T12:15:00Z,-0.5289681372343096,0
2,1,32,Office_5,new,NA,0,-0.4543728911310967,-0.4543728911310967,-0.09458913112075208,30,right,male,2022-09-20T12:15:00Z,NA,0
2,1,34,Office_2,mirrored,9.417146332998527,1,-0.11627395646333794,-0.11627395646333794,0.3554980281510253,30,right,male,2022-09-20T12:15:00Z,1.9780276531694212,0
2,1,35,Office_10,mirrored,5.876247291002073,1,0.11608733163229268,0.11608733163229268,-0.1325024062185153,30,right,male,2022-09-20T12:15:00Z,0.5023770219744614,0
2,1,36,Office_3,mirrored,2.743998541998735,1,-0.4255253843575417,-0.4255253843575417,-0.2279017217959881,30,right,male,2022-09-20T12:15:00Z,-0.8029707975217794,0
2,1,37,Bedroom_8,original,3.820357834003517,1,-0.5567825477527952,-0.5567825477527952,0.0603788733137377,30,right,male,2022-09-20T12:15:00Z,-0.3544038517260379,0
2,1,38,Bedroom_3,new,NA,0,-0.05879266634697677,-0.05879266634697677,-0.10652097080758433,30,right,male,2022-09-20T12:15:00Z,NA,0
2,1,39,Bathroom_9,mirrored,1.8039420420027457,1,0.08135314380040748,0.08135314380040748,-0.1548458723919809,30,right,male,2022-09-20T12:15:00Z,-1.19473428784594,0
3,1,1,Kitchen_4,new,7.002819667002768,1,0.1632947635223172,0.1632947635223172,0.2857513099983214,23,right,female,2022-09-20T12:25:00Z,1.1083172114633821,0
3,1,2,Bathroom_10,mirrored,2.654920334003691,1,-0.3502743569014685,-0.3502743569014685,0.3798328685450328,23,right,female,2022-09-20T12:25:00Z,-0.49020485007675263,0
3,1,3,Bedroom_10,new,4.555143792000308,1,-0.5072629001566733,-0.5072629001566733,-0.01420414861867502,23,right,female,2022-09-20T12:25:00Z,0.20841967795905333,0
3,1,4,Kitchen_1,new,2.2349847500008764,1,0.34342691366607064,0.34342691366607064,0.30589526172118686,23,right,female,2022-09-20T12:25:00Z,-0.6445957970702768,0
3,1,5,Bathroom_2,mirrored,2.907961749995593,1,0.20329417316030823,0.20329417316030823,0.3077753718311152,23,right,female,2022-09-20T12:25:00Z,-0.3971731915752664,0
3,1,6,Bedroom_5,mirrored,3.0188571249964298,1,0.0448591774405982,0.0448591774405982,-0.28355325865388037,23,right,female,2022-09-20T12:25:00Z,-0.3564020766333461,0
3,1,7,Office_1,new,10.960432208004931,1,0.40098704400412216,0.40098704400412216,-9.0672818137854e-4,23,right,female,2022-09-20T12:25:00Z,2.563348819441324,0
3,1,8,Kitchen_8,mirrored,NA,0,0.29549651979099967,0.29549651979099967,-0.16262548483650754,23,right,female,2022-09-20T12:25:00Z,NA,0
3,1,9,Bathroom_6,original,1.412626208999427,1,-0.12805113141993518,-0.12805113141993518,0.24277517045516525,23,right,female,2022-09-20T12:25:00Z,-0.9469391057825379,0
3,1,10,Office_4,new,4.337304749999021,1,-0.3876491098010492,-0.3876491098010492,-0.3709300906739321,23,right,female,2022-09-20T12:25:00Z,0.128330308855921,0
3,1,11,Office_2,mirrored,1.971588000000338,1,0.08443178945114249,0.08443178945114249,-0.38764351522097584,23,right,female,2022-09-20T12:25:00Z,-0.7414346343032918,0
3,1,12,Kitchen_3,mirrored,3.0107295409979997,1,-0.1047274458262859,-0.1047274458262859,0.19410707714476497,23,right,female,2022-09-20T12:25:00Z,-0.35939021442897195,0
3,1,13,Office_7,new,NA,0,0.49260733318452327,0.49260733318452327,-0.00931956185100352,23,right,female,2022-09-20T12:25:00Z,NA,0
3,1,14,Office_5,original,1.714667708001798,1,-0.5051282258185819,-0.5051282258185819,-0.0257907987093709,23,right,female,2022-09-20T12:25:00Z,-0.8358923766203646,0
3,1,15,Bedroom_6,new,2.4459473750030156,1,0.3605232281126099,0.3605232281126099,0.3357879082202965,23,right,female,2022-09-20T12:25:00Z,-0.5670345693604057,0
3,1,16,Bedroom_8,original,NA,0,-0.11896269317312846,-0.11896269317312846,-0.3982431404896644,23,right,female,2022-09-20T12:25:00Z,NA,0
3,1,17,Kitchen_2,new,1.8297672499975304,1,-0.6927484988110232,-0.6927484988110232,-0.06954418198323775,23,right,female,2022-09-20T12:25:00Z,-0.7935755833687526,0
3,1,18,Kitchen_5,original,9.01239170900226,1,0.03100582486719361,0.03100582486719361,0.3921155701010332,23,right,female,2022-09-20T12:25:00Z,1.847144170728478,0
3,1,19,Bathroom_1,mirrored,5.0987288749965956,1,-0.574962803462562,-0.574962803462562,-0.2305264760510578,23,right,female,2022-09-20T12:25:00Z,0.4082708430720049,0
3,1,20,Bedroom_2,original,0.9614867919954122,1,0.19213186318918216,0.19213186318918216,-0.2133600581250709,23,right,female,2022-09-20T12:25:00Z,-1.112802263063559,0
3,1,21,Bedroom_4,mirrored,NA,0,0.3563961529996227,0.3563961529996227,0.2268570152018352,23,right,female,2022-09-20T12:25:00Z,NA,0
3,1,22,Bathroom_9,mirrored,1.8298494999980903,1,0.48529819647490463,0.48529819647490463,0.16472496867031353,23,right,female,2022-09-20T12:25:00Z,-0.7935453438368806,0
3,1,23,Bathroom_7,new,1.65080866599601,1,0.3016613585595412,0.3016613585595412,-0.08832794342241002,23,right,female,2022-09-20T12:25:00Z,-0.8593704012149814,0
3,1,24,Bedroom_7,original,4.044138874996861,1,0.6715879372012181,0.6715879372012181,-0.12458988911738106,23,right,female,2022-09-20T12:25:00Z,0.020546737298752827,0
3,1,25,Bedroom_3,original,NA,0,-0.2985648792649779,-0.2985648792649779,-0.39694942359026175,23,right,female,2022-09-20T12:25:00Z,NA,0
3,1,26,Bathroom_4,original,9.204752500001632,1,-0.4226860729393267,-0.4226860729393267,-0.09634423121097424,23,right,female,2022-09-20T12:25:00Z,1.9178663619839285,0
3,1,27,Kitchen_9,mirrored,3.048519167001359,1,0.5359790132884469,0.5359790132884469,-0.3876633268990265,23,right,female,2022-09-20T12:25:00Z,-0.34549671178845587,0
3,1,28,Bedroom_9,original,NA,0,-0.49309269990129767,-0.49309269990129767,-0.175264552890327,23,right,female,2022-09-20T12:25:00Z,NA,0
3,1,29,Kitchen_6,new,6.6937727499971515,1,0.4704916161487298,0.4704916161487298,-0.0606013153578831,23,right,female,2022-09-20T12:25:00Z,0.99469491318821035,0
3,1,30,Office_8,original,4.115867582993815,1,-0.518317530311222,-0.518317530311222,-0.3725902452808876,23,right,female,2022-09-20T12:25:00Z,0.04691807513278938,0
4,1,1,Bathroom_1,original,NA,0,-0.11568819060810798,-0.11568819060810798,-0.12995225518980047,29,right,female,2022-09-20T12:35:00Z,NA,0
4,1,2,Bathroom_8,mirrored,2.075755500001833,1,-0.16089804177851277,-0.16089804177851277,0.13169445204869606,29,right,female,2022-09-20T12:35:00Z,-0.22803954983063857,0
4,1,3,Bedroom_2,original,1.3897293749978417,1,0.3135318866258656,0.3135318866258656,-0.16959484586915044,29,right,female,2022-09-20T12:35:00Z,-0.5371987843530268,0
4,1,4,Bedroom_4,original,1.3465255420014728,1,-0.4702380351704055,-0.4702380351704055,-0.2469168006571199,29,right,female,2022-09-20T12:35:00Z,-0.5566686900180812,0
4,1,5,Kitchen_8,mirrored,1.3906925830015098,1,-0.11132388571485186,-0.11132388571485186,-0.17698034037259128,29,right,female,2022-09-20T12:35:00Z,-0.5367647124740613,0
4,1,6,Bathroom_3,original,1.1182929589995183,1,-0.6356834820210253,-0.6356834820210253,0.2764628709964608,29,right,female,2022-09-20T12:35:00Z,-0.6595222229699657,0
4,1,7,Bathroom_10,new,5.21458595799777,1,0.46254178714037875,0.46254178714037875,-0.16546585170344652,29,right,female,2022-09-20T12:35:00Z,1.1864815395578092,0
4,1,8,Kitchen_6,original,3.700552583999525,1,0.4928514731863744,0.4928514731863744,-0.01457625383623872,29,right,female,2022-09-20T12:35:00Z,0.5041789538597458,0
4,1,9,Bathroom_4,mirrored,1.1257805000059309,1,-0.14844654532488488,-0.14844654532488488,0.3229953623895782,29,right,female,2022-09-20T12:35:00Z,-0.6561479455749408,0
4,1,10,Bedroom_10,mirrored,NA,0,-0.4720161341928508,-0.4720161341928508,-0.00429463939055829,29,right,female,2022-09-20T12:35:00Z,NA,0
4,1,11,Bedroom_9,mirrored,2.504637667007046,1,-0.544969008556006,-0.544969008556006,-0.06559630517703835,29,right,female,2022-09-20T12:35:00Z,-0.03476282520027073,0
4,1,12,Kitchen_5,new,1.3006199160008691,1,-0.43567528634058456,-0.43567528634058456,-0.2106044359965644,29,right,female,2022-09-20T12:35:00Z,-0.5773561648493568,0
4,1,13,Kitchen_7,new,NA,0,0.634677999657154,0.634677999657154,-0.1541178832947342,29,right,female,2022-09-20T12:35:00Z,NA,0
4,1,14,Bathroom_5,original,0.15505120800662553,0,-0.06340733231030482,-0.06340733231030482,-0.08962330679523733,29,right,female,2022-09-20T12:35:00Z,-1.0936093102441349,0
4,1,15,Office_8,new,2.6832199999989825,1,0.2955233900341169,0.2955233900341169,-0.3899881004061111,29,right,female,2022-09-20T12:35:00Z,0.045715709588310664,0
4,1,17,Bathroom_2,mirrored,3.734905917001015,1,0.26592667768601297,0.26592667768601297,0.32533424991875187,29,right,female,2022-09-20T12:35:00Z,0.5196603615597392,0
4,1,18,Bedroom_5,original,2.4462837079991004,1,0.15376348984525356,0.15376348984525356,0.33952015511317174,29,right,female,2022-09-20T12:35:00Z,-0.061060169631785274,0
4,1,19,Office_5,new,2.381361666994053,1,-0.1740946446086501,-0.1740946446086501,-0.2217600349269191,29,right,female,2022-09-20T12:35:00Z,-0.09031743516323251,0
4,1,20,Office_10,mirrored,0.8581572499970207,1,-0.02299448275673077,-0.02299448275673077,0.02664101188565687,29,right,female,2022-09-20T12:35:00Z,-0.7767529722605747,0
4,1,21,Bedroom_6,new,1.2190353339974536,1,0.13336666026742794,0.13336666026742794,-0.06454180737661563,29,right,female,2022-09-20T12:35:00Z,-0.6141224424030844,0
4,1,22,Kitchen_10,new,1.399202957996749,1,0.0772615095136121,0.0772615095136121,-0.21191476100210835,29,right,female,2022-09-20T12:35:00Z,-0.5329294926141597,0
4,1,23,Office_4,mirrored,1.3969566660016426,1,0.6259546800945635,0.6259546800945635,0.1267541331212093,29,right,female,2022-09-20T12:35:00Z,-0.5339417892139675,0
4,1,24,Bathroom_6,new,1.416454624995822,1,-0.4810490284655585,-0.4810490284655585,-0.25631481766547953,29,right,female,2022-09-20T12:35:00Z,-0.5251549896189021,0
4,1,25,Office_6,new,1.1463039579975884,1,0.03302214534595749,0.03302214534595749,0.10880052230203507,29,right,female,2022-09-20T12:35:00Z,-0.6468990025227846,0
4,1,26,Bedroom_3,original,7.218659083002421,1,-0.25220813824814603,-0.25220813824814603,-0.08271552962377221,29,right,female,2022-09-20T12:35:00Z,2.089621654301579,0
4,1,27,Bathroom_9,new,2.3301600420018076,1,0.43242158681025855,0.43242158681025855,0.31577569043648535,29,right,female,2022-09-20T12:35:00Z,-0.11339156399296602,0
4,1,28,Office_2,original,NA,0,0.6611510401508034,0.6611510401508034,-0.3611922163773006,29,right,female,2022-09-20T12:35:00Z,NA,0
4,1,29,Office_3,mirrored,5.122212041998864,1,0.21493314430757057,0.21493314430757057,0.31667276096182917,29,right,female,2022-09-20T12:35:00Z,1.1448530240841588,0
4,1,30,Kitchen_3,original,NA,0,0.20754425709985608,0.20754425709985608,-0.06250980188940647,29,right,female,2022-09-20T12:35:00Z,NA,0
5,1,1,Kitchen_6,new,NA,0,0.27566083504110805,0.27566083504110805,-0.1463782704126546,22,right,female,2022-09-20T12:42:00Z,NA,0
5,1,2,Kitchen_2,new,NA,0,0.6481019090477705,0.6481019090477705,-0.03963876282728351,22,right,female,2022-09-20T12:42:00Z,NA,0
5,1,3,Kitchen_1,new,2.7053503339993767,1,0.39576600992692873,0.39576600992692873,-0.02059545505068555,22,right,female,2022-09-20T12:42:00Z,-0.6824587064154418,0
5,1,4,Office_4,original,6.2952060000025085,1,0.47970638112442754,0.47970638112442754,-0.07514757535749095,22,right,female,2022-09-20T12:42:00Z,0.24329972222629656,0
5,1,5,Bedroom_2,original,3.653218708001077,1,0.6688981486134047,0.6688981486134047,-0.37473738857615985,22,right,female,2022-09-20T12:42:00Z,-0.43802070719860975,0
5,1,6,Kitchen_7,new,11.92918958300288,1,-0.4760149389780095,-0.4760149389780095,-0.05556997345545261,22,right,female,2022-09-20T12:42:00Z,1.6962015305596752,0
5,1,7,Bedroom_10,original,12.733127291998244,1,0.1891086204300323,0.1891086204300323,0.20807359087388388,22,right,female,2022-09-20T12:42:00Z,1.9035224313005177,0
5,1,8,Bedroom_1,mirrored,3.6701694170042174,1,0.5340519244635709,0.5340519244635709,0.280569701442385,22,right,female,2022-09-20T12:42:00Z,-0.4336494279074337,0
5,1,9,Bathroom_3,mirrored,6.7658747079985915,1,-0.618067398663159,-0.618067398663159,-0.35117949665802334,22,right,female,2022-09-20T12:42:00Z,0.3646766142422417,0
5,1,10,Bedroom_9,mirrored,3.53859016700153,1,-0.4438433122718933,-0.4438433122718933,-0.17059189439683667,22,right,female,2022-09-20T12:42:00Z,-0.46758132129187374,0
5,1,11,Office_2,new,2.091986542000086,1,-0.27831878719327896,-0.27831878719327896,-0.310209958633414,22,right,female,2022-09-20T12:42:00Z,-0.840634063058459,0
5,1,12,Kitchen_4,original,3.25215308299812,1,0.05284118894530676,0.05284118894530676,0.1524746634415399,22,right,female,2022-09-20T12:42:00Z,-0.5414482311241999,0
5,1,13,Bathroom_9,new,NA,0,0.6184754309782245,0.6184754309782245,-0.11221207996521826,22,right,female,2022-09-20T12:42:00Z,NA,0
5,1,14,Kitchen_9,new,1.6239797919988632,1,-0.3304857298346065,-0.3304857298346065,-0.36813515190107776,22,right,female,2022-09-20T12:42:00Z,-0.9613244845642469,0
5,1,15,Office_3,original,6.727658709001844,1,-0.4268819745498939,-0.4268819745498939,-0.00561712695845079,22,right,female,2022-09-20T12:42:00Z,0.354821403762542,0
5,1,16,Bathroom_1,mirrored,1.960284833003243,1,-0.42053604008724393,-0.42053604008724393,0.13315793177685875,22,right,female,2022-09-20T12:42:00Z,-0.8745975363883204,0
5,1,17,Bathroom_8,original,14.04861174999678,1,0.4922629472570644,0.4922629472570644,0.10851609574693666,22,right,female,2022-09-20T12:42:00Z,2.242761926713226,0
5,1,18,Office_1,mirrored,5.9199809999990975,1,0.614396696874397,0.614396696874397,-0.3936057042544783,22,right,female,2022-09-20T12:42:00Z,0.14653602510055508,0
5,1,19,Bathroom_7,original,12.80084620800335,1,0.06028267679324783,0.06028267679324783,0.09976230741491005,22,right,female,2022-09-20T12:42:00Z,1.9209859070229296,0
5,1,20,Bathroom_5,mirrored,1.9175364159964376,1,0.07060308460264997,0.07060308460264997,0.1067449863867142,22,right,female,2022-09-20T12:42:00Z,-0.8856215749673432,0
5,1,21,Office_5,original,NA,0,0.09108301477721116,0.09108301477721116,0.1513385936517031,22,right,female,2022-09-20T12:42:00Z,NA,0
5,1,22,Office_7,original,1.7728973330013105,1,-0.10146062018001978,-0.10146062018001978,0.117278747729001,22,right,female,2022-09-20T12:42:00Z,-0.9229213615470173,0
5,1,23,Bedroom_3,new,2.219060957999318,1,0.6688247637694693,0.6688247637694693,-0.10754966288883457,22,right,female,2022-09-20T12:42:00Z,-0.8078638843601623,0
5,1,24,Kitchen_10,mirrored,NA,0,0.46518539966178574,0.46518539966178574,0.34442240225410253,22,right,female,2022-09-20T12:42:00Z,NA,0
5,1,25,Office_8,mirrored,3.305055208998965,1,0.35770558653602325,0.35770558653602325,-0.12498824530789676,22,right,female,2022-09-20T12:42:00Z,-0.5278057358277589,0
5,1,26,Kitchen_3,new,5.1699007080023875,1,-0.07497923419862196,-0.07497923419862196,-0.31153536147644634,22,right,female,2022-09-20T12:42:00Z,-0.04689602818506713,0
5,1,27,Bathroom_4,mirrored,7.483445040998049,1,-0.41728207980094206,-0.41728207980094206,-0.3790606208174532,22,right,female,2022-09-20T12:42:00Z,0.549724940894639,0
5,1,28,Bedroom_4,new,NA,0,0.2988921723059227,0.2988921723059227,-0.17655465388573163,22,right,female,2022-09-20T12:42:00Z,NA,0
5,1,29,Bathroom_10,original,1.8703264159994433,1,-0.19786004473635951,-0.19786004473635951,-0.00276111153099323,22,right,female,2022-09-20T12:42:00Z,-0.8977961745835038,0
5,1,30,Bedroom_5,mirrored,4.987587582996639,1,-0.2769163250000293,-0.2769163250000293,0.14088185124659813,22,right,female,2022-09-20T12:42:00Z,-0.09391126440318515,0
6,1,1,Office_10,new,5.566442041999835,1,-0.6201530724550375,-0.6201530724550375,0.36877526081705664,24,right,female,2022-09-20T12:53:00Z,1.787514093248598,0
6,1,2,Bathroom_1,mirrored,6.132163415997638,1,-0.2712528936984976,-0.2712528936984976,0.09995644216191012,24,right,female,2022-09-20T12:53:00Z,2.1196359540135634,0
6,1,3,Bedroom_7,new,1.2968542499947944,1,-0.0336194793231166,-0.0336194793231166,0.20150953601064175,24,right,female,2022-09-20T12:53:00Z,-0.7190615946369363,0
6,1,4,Bedroom_9,mirrored,NA,0,-0.3863463934281718,-0.3863463934281718,-0.226297673931959,24,right,female,2022-09-20T12:53:00Z,NA,0
6,1,5,Office_9,new,NA,0,-0.2070647337788884,-0.2070647337788884,0.09567320712320349,24,right,female,2022-09-20T12:53:00Z,NA,0
6,1,6,Bathroom_2,new,1.870513292000396,1,0.6938366697540879,0.6938366697540879,0.06343543575313154,24,right,female,2022-09-20T12:53:00Z,-0.38227971360394647,0
6,1,7,Kitchen_8,new,NA,0,-0.2741408359687662,-0.2741408359687662,0.20663689175228608,24,right,female,2022-09-20T12:53:00Z,NA,0
6,1,8,Bathroom_8,original,1.2298948750030831,1,0.04162649391899598,0.04162649391899598,0.04721448551716267,24,right,female,2022-09-20T12:53:00Z,-0.7583718863106473,0
6,1,9,Bedroom_5,mirrored,1.934779124996567,1,-0.03125538000916395,-0.03125538000916395,0.2579885706056585,24,right,female,2022-09-20T12:53:00Z,-0.3445507377876965,0
6,1,10,Kitchen_5,new,3.55756191600085,1,-0.5874243541882318,-0.5874243541882318,-0.37383755821029974,24,right,female,2022-09-20T12:53:00Z,0.6081472950919998,0
6,1,11,Bathroom_6,new,3.416555750001862,1,-0.6214644088293133,-0.6214644088293133,0.13868652433852796,24,right,female,2022-09-20T12:53:00Z,0.525365854645489,0
6,1,12,Bedroom_10,original,3.217202666994126,1,0.4995419480490231,0.4995419480490231,0.378565469818776,24,right,female,2022-09-20T12:53:00Z,0.4083302962930146,0
6,1,13,Kitchen_10,mirrored,1.9060711659985827,1,0.20518403000034055,0.20518403000034055,0.29425622314744865,24,right,female,2022-09-20T12:53:00Z,-0.3614045128073617,0
6,1,14,Office_4,original,2.0362086660024943,1,0.6850373820930116,0.6850373820930116,-0.1719060355612083,24,right,female,2022-09-20T12:53:00Z,-0.2850038133761827,0
6,1,15,Bathroom_5,mirrored,1.5471770000003744,1,0.29620691179910136,0.29620691179910136,0.13429758410898313,24,right,female,2022-09-20T12:53:00Z,-0.5721029302751064,0
6,1,16,Bedroom_6,new,1.1335201249967213,1,-0.02506148976287936,-0.02506148976287936,0.04699760649695783,24,right,female,2022-09-20T12:53:00Z,-0.8149512604938748,0
6,1,17,Bedroom_2,original,1.5902332080004271,1,0.4352882986763635,0.4352882986763635,-0.27703002437030855,24,right,female,2022-09-20T12:53:00Z,-0.5468256319870689,0
6,1,18,Office_3,original,1.0316504590009572,1,-0.02267384244167747,-0.02267384244167747,-0.06111130341743387,24,right,female,2022-09-20T12:53:00Z,-0.8747565720502135,0
6,1,19,Kitchen_4,original,NA,0,0.5673330487011146,0.5673330487011146,0.301086541445737,24,right,female,2022-09-20T12:53:00Z,NA,0
6,1,21,Office_8,mirrored,2.5806233749972307,1,0.24126267162465748,0.24126267162465748,-0.31872284973872345,24,right,female,2022-09-20T12:53:00Z,0.034609399929509045,0
6,1,22,Office_1,mirrored,1.8110664580017328,1,0.5177659279830303,0.5177659279830303,-0.17653352653346222,24,right,female,2022-09-20T12:53:00Z,-0.41717956719211696,0
6,1,23,Bathroom_7,original,1.7597030839970105,1,0.5566478052294882,0.5566478052294882,0.3388502491269874,24,right,female,2022-09-20T12:53:00Z,-0.4473338094281218,0
6,1,24,Bathroom_3,mirrored,3.0900331669981824,1,-0.02666521903079521,-0.02666521903079521,-0.33915404483392375,24,right,female,2022-09-20T12:53:00Z,0.3336720406348732,0
6,1,25,Bathroom_4,mirrored,NA,0,-0.4025092770711961,-0.4025092770711961,-0.39227897267559664,24,right,female,2022-09-20T12:53:00Z,NA,0
6,1,26,Bedroom_8,new,1.9213939589972144,1,0.5366751441040841,0.5366751441040841,0.0558160247248331,24,right,female,2022-09-20T12:53:00Z,-0.352408857425174,0
6,1,27,Bathroom_10,original,1.6048680000021704,1,-0.1588627992146816,-0.1588627992146816,-0.21158487943971915,24,right,female,2022-09-20T12:53:00Z,-0.5382338859881877,0
6,1,28,Office_5,original,1.6520162919987342,1,0.5414251957273847,0.5414251957273847,0.1163818683650632,24,right,female,2022-09-20T12:53:00Z,-0.5105542203621024,0
6,1,29,Office_7,original,1.7882954579981742,1,-0.1403774136459438,-0.1403774136459438,0.2672064432252881,24,right,female,2022-09-20T12:53:00Z,-0.4305478916717402,0
6,1,30,Bedroom_1,mirrored,1.4277190410066396,1,0.4706196552197236,0.4706196552197236,0.04557476630602164,24,right,female,2022-09-20T12:53:00Z,-0.6422339195707983,0
7,1,1,Bathroom_1,new,13.368807541999558,1,0.10256140471453325,0.10256140471453325,-0.24720276049608017,26,right,female,2022-09-20T13:00:00Z,2.3789279666105982,0
7,1,2,Office_6,original,NA,0,-0.34907962636529205,-0.34907962636529205,0.07199084202902056,26,right,female,2022-09-20T13:00:00Z,NA,0
7,1,3,Kitchen_5,original,1.5379232080013026,1,-0.5613781086741942,-0.5613781086741942,0.23148197928630007,26,right,female,2022-09-20T13:00:00Z,-0.5610661000648858,0
7,1,4,Office_3,mirrored,1.5166333749948535,1,-0.4246744697700341,-0.4246744697700341,0.05453267932241001,26,right,female,2022-09-20T13:00:00Z,-0.5663566583150077,0
7,1,5,Bathroom_8,original,2.2237762499935343,1,-0.513199449557506,-0.513199449557506,-0.07117840696745303,26,right,female,2022-09-20T13:00:00Z,-0.39063049972062586,0
7,1,6,Kitchen_2,mirrored,1.225997917004861,1,-0.14566599394437585,-0.14566599394437585,-0.02761281069907623,26,right,female,2022-09-20T13:00:00Z,-0.6385800439837037,0
7,1,7,Office_4,original,2.035416124999756,1,0.6852200142028025,0.6852200142028025,0.1311974628465819,26,right,female,2022-09-20T13:00:00Z,-0.43743829821195057,0
7,1,8,Kitchen_6,mirrored,4.7324283749985625,1,0.12458258375211329,0.12458258375211329,0.23325464875936705,26,right,female,2022-09-20T13:00:00Z,0.23277364781828408,0
7,1,9,Kitchen_8,mirrored,1.1661563750021742,1,0.4217340301222011,0.4217340301222011,0.2049672344730624,26,right,female,2022-09-20T13:00:00Z,-0.6534507648412335,0
7,1,10,Bedroom_1,original,13.622591958002886,1,-0.04641139148102091,-0.04641139148102091,0.08562192916463013,26,right,female,2022-09-20T13:00:00Z,2.441993808199494,0
7,1,11,Bedroom_5,new,1.7106061250015046,1,-0.4700745585276947,-0.4700745585276947,-0.22509073351237135,26,right,female,2022-09-20T13:00:00Z,-0.518154113347386,0
7,1,12,Bedroom_2,original,1.726385207999556,1,-0.04910673339965121,-0.04910673339965121,-0.38418182350467034,26,right,female,2022-09-20T13:00:00Z,-0.5142329854686747,0
7,1,13,Office_8,new,6.345853709004587,1,0.4697852503151865,0.4697852503151865,-0.34504632564992793,26,right,female,2022-09-20T13:00:00Z,0.6337124766571732,0
7,1,14,Bedroom_10,new,1.3290874999947846,1,-0.6009499551078088,-0.6009499551078088,-0.13884660678765304,26,right,female,2022-09-20T13:00:00Z,-0.6129621143539244,0
7,1,15,Bedroom_6,mirrored,NA,0,0.05053212798720152,0.05053212798720152,0.0952794548007751,26,right,female,2022-09-20T13:00:00Z,NA,0
7,1,16,Bathroom_6,original,0.9066337500044028,1,-0.0303279702627166,-0.0303279702627166,-0.06307695877650044,26,right,female,2022-09-20T13:00:00Z,-0.7179425607308177,0
7,1,17,Bedroom_3,mirrored,4.639685459005705,1,-0.49555455578708457,-0.49555455578708457,-0.22874708721318876,26,right,female,2022-09-20T13:00:00Z,0.20972688182449992,0
7,1,18,Office_5,new,1.7015172090032138,1,0.4440425662734705,0.4440425662734705,-0.24114985023735752,26,right,female,2022-09-20T13:00:00Z,-0.520412723807358,0
7,1,19,Bathroom_4,new,4.583505750000768,1,0.11633775961511406,0.11633775961511406,-0.3514072840054654,26,right,female,2022-09-20T13:00:00Z,0.19576613244354044,0
7,1,20,Bathroom_7,mirrored,1.062326084000233,1,-0.4843587667885886,-0.4843587667885886,-0.1769441212649567,26,right,female,2022-09-20T13:00:00Z,-0.6792527616209394,0
7,1,21,Bedroom_4,mirrored,NA,0,0.1254841367121391,0.1254841367121391,-0.17725976998314513,26,right,female,2022-09-20T13:00:00Z,NA,0
7,1,22,Kitchen_7,new,NA,0,0.12283234734481464,0.12283234734481464,-0.22983135894236373,26,right,female,2022-09-20T13:00:00Z,NA,0
7,1,23,Office_7,mirrored,1.5753710839999258,1,0.5777835245371081,0.5777835245371081,-0.06066950929860371,26,right,female,2022-09-20T13:00:00Z,-0.5517602417589966,0
7,1,24,Bathroom_10,new,4.269227915996453,1,-0.41041171501103296,-0.41041171501103296,-0.03187391815046897,26,right,female,2022-09-20T13:00:00Z,0.11766757774758299,0
7,1,25,Kitchen_9,original,1.836892125000304,1,-0.3882811322982797,-0.3882811322982797,0.3192191131655196,26,right,female,2022-09-20T13:00:00Z,-0.486771836231067,0
7,1,26,Bathroom_5,new,2.452866916995845,1,0.6863267475658886,0.6863267475658886,-0.3615391982854173,26,right,female,2022-09-20T13:00:00Z,-0.33370109506217427,0
7,1,27,Bedroom_9,original,4.055642291001277,1,0.00696556437947248,0.00696556437947248,0.11210107109362157,26,right,female,2022-09-20T13:00:00Z,0.06459120133432643,0
7,1,28,Kitchen_1,new,1.0346650409992435,1,0.10007066980440872,0.10007066980440872,-0.02213085965196049,26,right,female,2022-09-20T13:00:00Z,-0.6861265759534206,0
7,1,29,Office_9,mirrored,14.232993875004468,1,0.09143838863148256,0.09143838863148256,-0.3737232824192625,26,right,female,2022-09-20T13:00:00Z,2.5936796808366678,0
7,1,30,Office_1,original,NA,0,-0.15074828378024574,-0.15074828378024574,0.3794922761982959,26,right,female,2022-09-20T13:00:00Z,NA,0
8,1,1,Kitchen_6,mirrored,8.90134808300354,1,0.5493184512070175,0.5493184512070175,-0.13171637237006045,22,right,female,2022-09-20T13:08:00Z,2.3899779412048954,0
8,1,2,Bedroom_2,original,2.6519489170023007,1,0.2732163914510049,0.2732163914510049,-0.3461153029168442,22,right,female,2022-09-20T13:08:00Z,-0.40618745738365136,0
8,1,3,Kitchen_10,mirrored,NA,0,-0.642067911585737,-0.642067911585737,-0.02273737490461519,22,right,female,2022-09-20T13:08:00Z,NA,0
8,1,4,Bathroom_10,original,1.252190208004322,1,-0.05014415405515227,-0.05014415405515227,0.00654567165188252,22,right,female,2022-09-20T13:08:00Z,-1.0324807640692475,0
8,1,5,Bathroom_6,new,NA,0,0.09242014873805449,0.09242014873805449,-0.17230872380943896,22,right,female,2022-09-20T13:08:00Z,NA,0
8,1,6,Kitchen_9,original,NA,0,-0.23918069517527063,-0.23918069517527063,0.2960966867873181,22,right,female,2022-09-20T13:08:00Z,NA,0
8,1,7,Kitchen_1,new,1.085048000000825,1,0.02994250288989097,0.02994250288989097,-0.04235994635091478,22,right,female,2022-09-20T13:08:00Z,-1.107265114732211,0
8,1,8,Office_1,new,NA,0,0.1847949441361524,0.1847949441361524,-0.3944613514547063,22,right,female,2022-09-20T13:08:00Z,NA,0
8,1,9,Office_10,original,2.423828874998435,1,0.6469730403606521,0.6469730403606521,-0.24170997199801275,22,right,female,2022-09-20T13:08:00Z,-0.5082550884042378,0
8,1,10,Office_2,mirrored,2.048832124994078,1,0.3161810841648261,0.3161810841648261,0.32416090528111746,22,right,female,2022-09-20T13:08:00Z,-0.6760396880262,0
8,1,11,Kitchen_2,new,3.961381790999439,1,-0.6552482776312332,-0.6552482776312332,-0.29481412134247803,22,right,female,2022-09-20T13:08:00Z,0.17969140821423038,0
8,1,12,Bathroom_3,original,2.659834542006138,1,0.2622562406550524,0.2622562406550524,-0.260154667221689,22,right,female,2022-09-20T13:08:00Z,-0.40265919631466246,0
8,1,13,Bathroom_9,new,NA,0,-0.04472504085162643,-0.04472504085162643,-0.03942611807785418,22,right,female,2022-09-20T13:08:00Z,NA,0
8,1,14,Office_5,mirrored,3.254714292001154,1,0.18879757173313605,0.18879757173313605,0.33612269697492775,22,right,female,2022-09-20T13:08:00Z,-0.13649246106971158,0
8,1,15,Bedroom_3,mirrored,NA,0,-0.4109503281859661,-0.4109503281859661,0.3170221259201458,22,right,female,2022-09-20T13:08:00Z,NA,0
8,1,16,Bedroom_8,original,4.952496292004071,1,0.08429136188632347,0.08429136188632347,0.32578977991092584,22,right,female,2022-09-20T13:08:00Z,0.623145250757268,0
8,1,17,Bedroom_5,new,NA,0,-0.03063958216948903,-0.03063958216948903,-0.1564852925157191,22,right,female,2022-09-20T13:08:00Z,NA,0
8,1,18,Kitchen_7,mirrored,4.0406707919974,1,-0.22345378099563495,-0.22345378099563495,0.08256045525774647,22,right,female,2022-09-20T13:08:00Z,0.21516764443951394,0
8,1,19,Kitchen_4,original,2.05967608300125,1,0.6705815942347633,0.6705815942347633,0.03113179015898254,22,right,female,2022-09-20T13:08:00Z,-0.6711877815695986,0
8,1,20,Kitchen_8,mirrored,NA,0,-0.6249524223782977,-0.6249524223782977,0.03880857595406811,22,right,female,2022-09-20T13:08:00Z,NA,0
8,1,21,Bedroom_7,original,5.005723416004912,1,-0.3084062145516911,-0.3084062145516911,-0.09498949623540104,22,right,female,2022-09-20T13:08:00Z,0.6469606349956806,0
8,1,22,Bathroom_5,original,2.276133667000977,1,0.6093022477069415,0.6093022477069415,0.10854422223154764,22,right,female,2022-09-20T13:08:00Z,-0.5743382780309426,0
8,1,23,Bathroom_2,mirrored,NA,0,0.2506682788269104,0.2506682788269104,-0.09959003505146702,22,right,female,2022-09-20T13:08:00Z,NA,0
8,1,24,Office_7,new,NA,0,-0.29098821061831254,-0.29098821061831254,-0.19318157233043168,22,right,female,2022-09-20T13:08:00Z,NA,0
8,1,25,Bathroom_7,new,5.614004458002455,1,0.4965846463078677,0.4965846463078677,-0.3891970643781584,22,right,female,2022-09-20T13:08:00Z,0.9191235033085444,0
8,1,26,Bedroom_6,new,2.4912733749952167,1,-0.2632373854240846,-0.2632373854240846,-0.3841322756932371,22,right,female,2022-09-20T13:08:00Z,-0.47807843106378894,0
8,1,27,Office_8,original,8.116039333006484,1,0.2156651197687672,0.2156651197687672,0.1090065888239506,22,right,female,2022-09-20T13:08:00Z,2.038607658138845,0
8,1,28,Bedroom_4,mirrored,NA,0,-0.4108309657057688,-0.4108309657057688,-0.20653861203007243,22,right,female,2022-09-20T13:08:00Z,NA,0
8,1,29,Office_4,mirrored,NA,0,-0.5884572128600527,-0.5884572128600527,-0.12850698622720425,22,right,female,2022-09-20T13:08:00Z,NA,0
8,1,30,Kitchen_5,new,1.2807779169961575,1,0.12767145004406888,0.12767145004406888,-0.0807964098254822,22,right,female,2022-09-20T13:08:00Z,-1.019689780394726,0
9,1,1,Bathroom_9,mirrored,NA,0,0.25453313216228257,0.25453313216228257,-0.02590347928786773,22,right,male,2022-09-20T13:18:00Z,NA,0
9,1,2,Office_9,mirrored,5.564758749998873,1,-0.6758166586171956,-0.6758166586171956,0.30995028248767836,22,right,male,2022-09-20T13:18:00Z,0.8123417765873293,0
9,1,3,Bedroom_8,mirrored,6.669027790994733,1,-0.39635613368860734,-0.39635613368860734,0.387677321433235,22,right,male,2022-09-20T13:18:00Z,1.2733205554697995,0
9,1,5,Bathroom_2,original,1.113962374998664,1,0.03972430023307261,0.03972430023307261,-0.02566789938049935,22,right,male,2022-09-20T13:18:00Z,-1.0456498919573423,0
9,1,6,Kitchen_4,new,NA,0,-0.5107877691468745,-0.5107877691468745,0.02501941376930377,22,right,male,2022-09-20T13:18:00Z,NA,0
9,1,7,Kitchen_7,mirrored,4.460620165998989,0,0.1104012729759587,0.1104012729759587,-0.00334828028083178,22,right,male,2022-09-20T13:18:00Z,0.3514174571748514,0
9,1,8,Bathroom_7,original,2.770135750004556,1,-0.3407573754990099,-0.3407573754990099,0.26482220026111924,22,right,male,2022-09-20T13:18:00Z,-0.354277815330648,0
9,1,9,Bedroom_1,new,3.4971437499989406,1,0.6460987190344782,0.6460987190344782,0.03677350123439382,22,right,male,2022-09-20T13:18:00Z,-0.05078722777151086,0
9,1,10,Bathroom_5,original,9.713540333999845,0,0.11492315490495764,0.11492315490495764,-0.3425455638660774,22,right,male,2022-09-20T13:18:00Z,2.5442569145125074,0
9,1,11,Kitchen_5,mirrored,4.65189079099946,1,0.3175793673881745,0.3175793673881745,-0.17506161851371027,22,right,male,2022-09-20T13:18:00Z,0.4312636684471407,0
9,1,12,Bedroom_7,new,5.893491249997169,0,0.575997187364585,0.575997187364585,0.1265918410153694,22,right,male,2022-09-20T13:18:00Z,0.949571655178813,0
9,1,13,Bathroom_8,new,1.6014342079943162,1,0.06527584648243778,0.06527584648243778,0.2095455409844494,22,right,male,2022-09-20T13:18:00Z,-0.8421540390705475,0
9,1,14,Office_3,mirrored,3.0525900409993483,1,0.3811484288399132,0.3811484288399132,-0.32051919453771566,22,right,male,2022-09-20T13:18:00Z,-0.23636684497919228,0
9,1,15,Kitchen_8,mirrored,1.9173291670012984,1,-0.15047155319058603,-0.15047155319058603,0.06494138103640112,22,right,male,2022-09-20T13:18:00Z,-0.7102832113537424,0
9,1,16,Bathroom_4,new,2.6938445839987253,1,0.1086992617960746,0.1086992617960746,0.3878932241091224,22,right,male,2022-09-20T13:18:00Z,-0.38612567779826884,0
9,1,17,Kitchen_3,new,3.432002374996955,1,-0.16756630810000794,-0.16756630810000794,0.37502188504153056,22,right,male,2022-09-20T13:18:00Z,-0.07798059314564071,0
9,1,18,Kitchen_6,mirrored,2.730374209000729,1,-0.23015738129474592,-0.23015738129474592,-0.17482420884191605,22,right,male,2022-09-20T13:18:00Z,-0.3708763306724343,0
9,1,19,Office_5,new,3.836919749999652,0,0.04506479874590896,0.04506479874590896,0.22632244251334752,22,right,male,2022-09-20T13:18:00Z,0.09105277657439152,0
9,1,20,Bathroom_10,original,2.2282715840046876,1,-0.6778511372463288,-0.6778511372463288,-0.15436119529114797,22,right,male,2022-09-20T13:18:00Z,-0.5804798297758977,0
9,1,21,Bedroom_3,mirrored,2.356397207993723,1,-0.6008108093128119,-0.6008108093128119,0.04396266899239071,22,right,male,2022-09-20T13:18:00Z,-0.5269935945403655,0
9,1,22,Office_7,original,2.209305124997627,1,0.2259439212425353,0.2259439212425353,-0.11446512885757704,22,right,male,2022-09-20T13:18:00Z,-0.5883974067324286,0
9,1,23,Bedroom_10,new,2.628774415999942,1,0.4854145192983992,0.4854145192983992,0.27425704286865504,22,right,male,2022-09-20T13:18:00Z,-0.41328931770137173,0
9,1,24,Bathroom_6,original,2.949871416996757,1,0.6648666337160452,0.6648666337160452,-0.00613635720193789,22,right,male,2022-09-20T13:18:00Z,-0.27924688969954375,0
9,1,25,Bedroom_6,original,2.0550004999968223,1,0.28185312351784847,0.28185312351784847,0.35336060040757433,22,right,male,2022-09-20T13:18:00Z,-0.6528121054770755,0
9,1,26,Bedroom_5,original,1.503626333003922,1,0.08291667408176961,0.08291667408176961,0.21002116940566257,22,right,male,2022-09-20T13:18:00Z,-0.8829840841993146,0
9,1,27,Bathroom_1,original,1.0875671670000884,1,-0.11579080551626586,-0.11579080551626586,0.23427914112245735,22,right,male,2022-09-20T13:18:00Z,-1.056668611399625,0
9,1,28,Kitchen_9,original,5.334189125002013,1,-0.01584541194766575,-0.01584541194766575,-0.3028237185053082,22,right,male,2022-09-20T13:18:00Z,0.7160901384153593,0
9,1,29,Kitchen_10,new,2.708588667002914,1,-0.29053377460375013,-0.29053377460375013,0.05354586331306632,22,right,male,2022-09-20T13:18:00Z,-0.37997073808096654,0
9,1,30,Bedroom_9,mirrored,1.698539584001992,1,0.2296958121764799,0.2296958121764799,0.2706082536191087,22,right,male,2022-09-20T13:18:00Z,-0.8016172532030632,0
1,2,1,Bedroom_6,original,1.659044542000629,1,0.14132913156596205,0.14132913156596205,-0.10532028042107083,25,left,female,2022-09-20T11:43:00Z,-0.8063128169511201,0
1,2,2,Office_7,original,4.7986957500033895,1,0.1932854545157715,0.1932854545157715,0.3518143553852064,25,left,female,2022-09-20T11:43:00Z,0.3572449912520181,0
1,2,3,Bathroom_7,new,1.758880000001227,1,0.28963439172907707,0.28963439172907707,-0.3493423600985932,25,left,female,2022-09-20T11:43:00Z,-0.5909853227400768,0
1,2,4,Bedroom_2,original,3.506539582995174,1,-0.535673084741427,-0.535673084741427,-0.30187840411184186,25,left,female,2022-09-20T11:43:00Z,-0.12162934794461966,0
1,2,5,Bathroom_8,new,1.6009792499971809,1,-0.5057662334475826,-0.5057662334475826,-0.3434856910827655,25,left,female,2022-09-20T11:43:00Z,-0.6815032998300442,0
1,2,6,Bathroom_4,mirrored,7.709338541004399,1,0.5263061059737076,-0.5263061059737076,0.02823928365510425,25,left,female,2022-09-20T11:43:00Z,0.992320538713149,0
1,2,7,Bedroom_10,original,8.882532416995673,1,0.6511467305271116,0.6511467305271116,0.23490015535123152,25,left,female,2022-09-20T11:43:00Z,1.8707188539515374,0
1,2,8,Bedroom_3,mirrored,10.722082375003083,1,-0.6821160116905415,0.6821160116905415,-0.1402605476100116,25,left,female,2022-09-20T11:43:00Z,1.8369031666601696,0
1,2,9,Bathroom_3,new,2.2494176249965676,1,0.00187655687807597,0.00187655687807597,-0.01997034300356581,25,left,female,2022-09-20T11:43:00Z,-0.30978036646243073,0
1,2,10,Bathroom_10,mirrored,9.154605249997983,1,0.6809963807213593,-0.6809963807213593,-0.09948211268155176,25,left,female,2022-09-20T11:43:00Z,1.3974818210602218,0
1,2,11,Office_4,new,4.46988400000555,1,0.1435841768365309,0.1435841768365309,-0.12418436744540629,25,left,female,2022-09-20T11:43:00Z,0.963121278760634,0
1,2,12,Kitchen_6,mirrored,1.756734250004229,1,0.01637203980327373,-0.01637203980327373,-0.1878791861165361,25,left,female,2022-09-20T11:43:00Z,-0.6764128326697405,0
1,2,13,Office_1,new,NA,0,-0.259981636292493,-0.259981636292493,-0.05980861550769362,25,left,female,2022-09-20T11:43:00Z,NA,0
1,2,14,Office_10,original,1.3765772080005263,1,-0.26041216427081587,-0.26041216427081587,-0.08261603429343506,25,left,female,2022-09-20T11:43:00Z,-0.9109954871790718,0
1,2,15,Office_3,new,1.5122588330050348,1,0.5928645102105607,0.5928645102105607,-0.01516169727845156,25,left,female,2022-09-20T11:43:00Z,-0.7323630498470748,0
1,2,16,Bedroom_5,new,NA,0,0.0207879771280538,0.0207879771280538,-0.34517716822832895,25,left,female,2022-09-20T11:43:00Z,NA,0
1,2,17,Bathroom_1,mirrored,1.3222275829975842,1,0.06143711587072054,-0.06143711587072054,0.1872531609480714,25,left,female,2022-09-20T11:43:00Z,-0.7982209925735649,0
1,2,18,Kitchen_1,mirrored,2.928208125005767,1,-0.07911162306018871,0.07911162306018871,0.381261159231004,25,left,female,2022-09-20T11:43:00Z,-0.34800572657772244,0
1,2,19,Kitchen_4,new,1.936871916994278,1,0.3757508720715127,0.3757508720715127,-0.12400998516605977,25,left,female,2022-09-20T11:43:00Z,-0.48894990958235873,0
1,2,20,Bedroom_9,new,NA,0,-0.00630748855747231,-0.00630748855747231,-0.2522292465470598,25,left,female,2022-09-20T11:43:00Z,NA,0
1,2,21,Bedroom_1,mirrored,1.81319245800114,1,-0.6394282475475966,0.6394282475475966,-0.06132193211675541,25,left,female,2022-09-20T11:43:00Z,-0.6605855256345047,0
1,2,22,Kitchen_9,original,4.508248958998593,1,-0.34284907618120436,-0.34284907618120436,0.12856132266248282,25,left,female,2022-09-20T11:43:00Z,0.2496051264543742,0
1,2,23,Kitchen_10,original,7.77296141700208,1,-0.2299318114426077,-0.2299318114426077,0.17159995448795318,25,left,female,2022-09-20T11:43:00Z,1.459510756215232,0
1,2,24,Kitchen_3,mirrored,2.412832708003407,1,-0.5236674178334837,0.5236674178334837,0.3416531971140406,25,left,female,2022-09-20T11:43:00Z,-0.4924843640108363,0
1,2,25,Kitchen_8,original,2.9496880829974543,1,-0.6667260295518891,-0.6667260295518891,0.15614928596852656,25,left,female,2022-09-20T11:43:00Z,-0.3279990584336221,0
1,2,26,Bathroom_9,mirrored,1.6747416250000242,1,0.612035030360069,-0.612035030360069,0.1876190606987904,25,left,female,2022-09-20T11:43:00Z,-0.6993983735965353,0
1,2,27,Bedroom_4,original,1.6482650409961934,1,-0.41652119333329696,-0.41652119333329696,0.33606648403159106,25,left,female,2022-09-20T11:43:00Z,-0.8103077105655045,0
1,2,28,Bedroom_7,new,6.000326375004079,1,0.27736114092614683,0.27736114092614683,-0.11003647652265892,25,left,female,2022-09-20T11:43:00Z,1.840460669701351,0
1,2,29,Kitchen_7,original,1.244791749995784,1,-0.530392405469754,-0.530392405469754,-0.00558763794683142,25,left,female,2022-09-20T11:43:00Z,-0.959835306799223,0
1,2,30,Office_6,mirrored,2.2019671669986565,1,-0.2691876774591183,0.2691876774591183,0.31351773948842676,25,left,female,2022-09-20T11:43:00Z,-0.5515977113706371,0
2,2,1,Office_10,mirrored,1.4550792910013115,1,0.11608733163229268,-0.11608733163229268,-0.1325024062185153,30,right,male,2022-09-20T12:15:00Z,-1.2981186050602647,0
2,2,2,Kitchen_3,new,6.338007374994049,1,0.28402402870038806,0.28402402870038806,0.24512777594277485,30,right,male,2022-09-20T12:15:00Z,1.4597957248970772,0
2,2,3,Office_6,new,6.18861279200064,1,-0.4502781594788188,-0.4502781594788188,0.16813700211432978,30,right,male,2022-09-20T12:15:00Z,1.3860756411141113,0
2,2,4,Bathroom_8,mirrored,3.5989869170007296,1,-0.09819821974686992,0.09819821974686992,0.10899881608394836,30,right,male,2022-09-20T12:15:00Z,-0.04162403068997045,0
2,2,5,Office_7,original,3.0279679160012165,1,-0.5290202343245594,-0.5290202343245594,0.3679560584483372,30,right,male,2022-09-20T12:15:00Z,-0.0645599081142575,0
2,2,6,Kitchen_6,original,4.812726625001233,1,0.5063406658978314,0.5063406658978314,-0.3605115625264501,30,right,male,2022-09-20T12:15:00Z,1.5637220010814337,0
2,2,7,Bathroom_7,mirrored,NA,0,-0.5118854702172839,0.5118854702172839,0.04571702855657883,30,right,male,2022-09-20T12:15:00Z,NA,0
2,2,8,Office_2,mirrored,6.364171167006134,1,-0.11627395646333794,0.11627395646333794,0.3554980281510253,30,right,male,2022-09-20T12:15:00Z,1.5789863748755748,0
2,2,9,Bathroom_2,original,4.192246167003759,1,0.3656614104487188,0.3656614104487188,-0.3642648022623469,30,right,male,2022-09-20T12:15:00Z,0.997641499738586,0
2,2,10,Office_1,mirrored,NA,0,0.19335856309052968,-0.19335856309052968,0.02148845863843174,30,right,male,2022-09-20T12:15:00Z,NA,0
2,2,11,Kitchen_10,new,NA,0,0.3702508547452177,0.3702508547452177,0.1880701548486449,30,right,male,2022-09-20T12:15:00Z,NA,0
2,2,12,Bathroom_9,mirrored,2.6110859170003096,1,0.08135314380040748,-0.08135314380040748,-0.1548458723919809,30,right,male,2022-09-20T12:15:00Z,-0.6206099121067908,0
2,2,13,Bedroom_5,original,NA,0,0.6120571577404286,0.6120571577404286,0.21869780057042887,30,right,male,2022-09-20T12:15:00Z,NA,0
2,2,14,Kitchen_7,new,NA,0,0.2033016219357205,0.2033016219357205,0.17827770130147275,30,right,male,2022-09-20T12:15:00Z,NA,0
2,2,15,Bedroom_10,original,1.643398125001113,1,-0.19595916913992273,-0.19595916913992273,0.0152543935576016,30,right,male,2022-09-20T12:15:00Z,-1.3277390321805502,0
2,2,16,Kitchen_5,original,NA,0,0.05937104128714998,0.05937104128714998,-0.2329041307711336,30,right,male,2022-09-20T12:15:00Z,NA,0
2,2,17,Kitchen_2,original,NA,0,-0.35779162698232614,-0.35779162698232614,-0.25299261780930415,30,right,male,2022-09-20T12:15:00Z,NA,0
2,2,18,Bathroom_6,mirrored,4.987493375003396,1,0.5380791815848759,-0.5380791815848759,-0.3119818890817943,30,right,male,2022-09-20T12:15:00Z,0.7721474255989484,0
2,2,19,Office_3,mirrored,4.389975792000769,1,-0.4255253843575417,0.4255253843575417,-0.2279017217959881,30,right,male,2022-09-20T12:15:00Z,0.4219562177181211,0
2,2,20,Kitchen_8,original,3.1758281660004286,1,-0.5983202333638026,-0.5983202333638026,0.34827453306268374,30,right,male,2022-09-20T12:15:00Z,0.07033685353133427,0
2,2,21,Bedroom_9,original,2.5274896249975427,1,0.27082633802435085,0.27082633802435085,0.31115801474273225,30,right,male,2022-09-20T12:15:00Z,-0.5211593033585876,0
2,2,22,Bathroom_3,mirrored,2.2832661669963272,1,0.6902131574918087,-0.6902131574918087,-0.0161488107514226,30,right,male,2022-09-20T12:15:00Z,-0.812737470335618,0
2,2,23,Kitchen_9,new,2.8355735419972916,1,0.4166038849846712,0.4166038849846712,0.10264772603357496,30,right,male,2022-09-20T12:15:00Z,-0.2685113558503346,0
2,2,24,Bedroom_7,new,2.886999000002106,1,0.19722509442161196,0.19722509442161196,0.396641143293865,30,right,male,2022-09-20T12:15:00Z,-0.24313500687749676,0
2,2,25,Kitchen_4,new,NA,0,-0.6106882292594353,-0.6106882292594353,-0.08144890568279839,30,right,male,2022-09-20T12:15:00Z,NA,0
2,2,26,Bathroom_1,new,1.7874202499951934,1,0.2339580409963974,0.2339580409963974,0.07248142913443673,30,right,male,2022-09-20T12:15:00Z,-0.7857319066596988,0
2,2,27,Bedroom_2,new,1.7863893749963609,1,0.28450981491877586,0.28450981491877586,0.3068209150564466,30,right,male,2022-09-20T12:15:00Z,-0.7862406010832915,0
2,2,28,Bedroom_8,original,2.3114672920055455,1,-0.5567825477527952,-0.5567825477527952,0.0603788733137377,30,right,male,2022-09-20T12:15:00Z,-0.7182421106979597,0
2,2,29,Bathroom_5,mirrored,NA,0,-0.6380572275326534,0.6380572275326534,0.3658732872045367,30,right,male,2022-09-20T12:15:00Z,NA,0
2,2,30,Bedroom_6,new,1.8350015420001,1,-0.6468802521107612,-0.6468802521107612,0.03932234313820781,30,right,male,2022-09-20T12:15:00Z,-0.7622524955403663,0
3,2,1,Kitchen_8,mirrored,NA,0,0.29549651979099967,-0.29549651979099967,-0.16262548483650754,23,right,female,2022-09-20T12:25:00Z,NA,0
3,2,2,Bedroom_8,original,NA,0,-0.11896269317312846,-0.11896269317312846,-0.3982431404896644,23,right,female,2022-09-20T12:25:00Z,NA,0
3,2,3,Bathroom_3,new,1.675816290997318,1,-0.5349126842085921,-0.5349126842085921,0.3358063378142108,23,right,female,2022-09-20T12:25:00Z,-0.4044429110081474,0
3,2,6,Bedroom_3,original,NA,0,-0.2985648792649779,-0.2985648792649779,-0.39694942359026175,23,right,female,2022-09-20T12:25:00Z,NA,0
3,2,7,Office_6,new,2.8055681670011836,1,-0.22294167319472424,-0.22294167319472424,0.3642044776334449,23,right,female,2022-09-20T12:25:00Z,-0.04189383361782899,0
3,2,8,Bathroom_2,mirrored,3.61588812500122,1,0.20329417316030823,-0.20329417316030823,0.3077753718311152,23,right,female,2022-09-20T12:25:00Z,-0.026693561809036884,0
3,2,10,Bathroom_5,new,1.337584583001444,1,0.4339632889496993,0.4339632889496993,0.08640638621500735,23,right,female,2022-09-20T12:25:00Z,-0.5129849690322548,0
3,2,11,Bathroom_6,original,8.3359838749966,1,-0.12805113141993518,-0.12805113141993518,0.24277517045516525,23,right,female,2022-09-20T12:25:00Z,2.079883369377323,0
3,2,12,Kitchen_3,mirrored,4.8244335830022465,1,-0.1047274458262859,0.1047274458262859,0.19410707714476497,23,right,female,2022-09-20T12:25:00Z,0.6008790436232813,0
3,2,13,Office_9,new,NA,0,-0.508452733475921,-0.508452733475921,0.10267075667082026,23,right,female,2022-09-20T12:25:00Z,NA,0
3,2,15,Office_8,original,2.835164165997412,1,-0.518317530311222,-0.518317530311222,-0.3725902452808876,23,right,female,2022-09-20T12:25:00Z,-0.08259080149285591,0
3,2,16,Bathroom_1,mirrored,2.3435814589975053,1,-0.574962803462562,0.574962803462562,-0.2305264760510578,23,right,female,2022-09-20T12:25:00Z,-0.6873760409054742,0
3,2,18,Bathroom_8,new,2.263625999999931,1,-0.4393979358506403,-0.4393979358506403,0.1068833496017414,23,right,female,2022-09-20T12:25:00Z,-0.21580868768313144,0
3,2,19,Bedroom_1,new,1.4749499160025152,1,0.6824079089027196,0.6824079089027196,0.15253588626765377,23,right,female,2022-09-20T12:25:00Z,-0.46890301103532744,0
3,2,20,Kitchen_9,mirrored,3.4718494580010884,1,0.5359790132884469,-0.5359790132884469,-0.3876633268990265,23,right,female,2022-09-20T12:25:00Z,-0.10148985592757713,0
3,2,21,Bathroom_9,mirrored,2.3334518339979695,1,0.48529819647490463,-0.48529819647490463,0.16472496867031353,23,right,female,2022-09-20T12:25:00Z,-0.6926361451993795,0
3,2,22,Bedroom_5,mirrored,7.402656666999974,1,0.0448591774405982,-0.0448591774405982,-0.28355325865388037,23,right,female,2022-09-20T12:25:00Z,1.939696849356846,0
3,2,23,Bathroom_4,original,1.436415374999342,1,-0.4226860729393267,-0.4226860729393267,-0.09634423121097424,23,right,female,2022-09-20T12:25:00Z,-0.632464873373597,0
3,2,24,Kitchen_5,original,4.066034415998729,1,0.03100582486719361,0.03100582486719361,0.3921155701010332,23,right,female,2022-09-20T12:25:00Z,0.4012871047337124,0
3,2,25,Bedroom_9,original,NA,0,-0.49309269990129767,-0.49309269990129767,-0.175264552890327,23,right,female,2022-09-20T12:25:00Z,NA,0
3,2,26,Kitchen_7,new,2.6053878749953583,1,-0.5292989885319821,-0.5292989885319821,0.16711826140103758,23,right,female,2022-09-20T12:25:00Z,-0.10613376250836369,0
3,2,28,Bedroom_7,original,2.0454028329986613,1,0.6715879372012181,0.6715879372012181,-0.12458988911738106,23,right,female,2022-09-20T12:25:00Z,-0.3930606176491325,0
3,2,29,Office_2,mirrored,1.0733812910038978,1,0.08443178945114249,-0.08443178945114249,-0.38764351522097584,23,right,female,2022-09-20T12:25:00Z,-1.3469646592490627,0
3,2,30,Bathroom_10,mirrored,4.2731027499976335,1,-0.3502743569014685,0.3502743569014685,0.3798328685450328,23,right,female,2022-09-20T12:25:00Z,0.31458437011040347,0
3,2,33,Bedroom_4,mirrored,NA,0,0.3563961529996227,-0.3563961529996227,0.2268570152018352,23,right,female,2022-09-20T12:25:00Z,NA,0
3,2,34,Office_3,new,11.125370374997146,1,-0.600726269002176,-0.600726269002176,0.23604332436066144,23,right,female,2022-09-20T12:25:00Z,2.6280168597356464,0
3,2,35,Office_5,original,1.4703407920023892,1,-0.5051282258185819,-0.5051282258185819,-0.0257907987093709,23,right,female,2022-09-20T12:25:00Z,-0.6191281632310941,0
3,2,36,Kitchen_10,new,1.6675650830002269,1,-0.4110062522100986,-0.4110062522100986,0.04642414873101103,23,right,female,2022-09-20T12:25:00Z,-0.4070908091088192,0
3,2,38,Office_10,new,1.4691667910010435,1,0.2928612508498568,0.2928612508498568,0.12811581900648078,23,right,female,2022-09-20T12:25:00Z,-0.47075887574177316,0
3,2,40,Bedroom_2,original,1.1274471249998896,1,0.19213186318918216,0.19213186318918216,-0.2133600581250709,23,right,female,2022-09-20T12:25:00Z,-0.7539260183643561,0
4,2,1,Bathroom_1,original,NA,0,-0.11568819060810798,-0.11568819060810798,-0.12995225518980047,29,right,female,2022-09-20T12:35:00Z,NA,0
4,2,2,Kitchen_8,mirrored,2.5638430420003715,1,-0.11132388571485186,0.11132388571485186,-0.17698034037259128,29,right,female,2022-09-20T12:35:00Z,1.9354627188422358,0
4,2,3,Bathroom_3,original,1.2317085419999785,1,-0.6356834820210253,-0.6356834820210253,0.2764628709964608,29,right,female,2022-09-20T12:35:00Z,-0.5253586307113437,0
4,2,7,Bedroom_2,original,1.1994877500037546,1,0.3135318866258656,0.3135318866258656,-0.16959484586915044,29,right,female,2022-09-20T12:35:00Z,-0.5366465564283834,0
4,2,8,Office_7,new,8.289726415998302,1,0.17912130175939178,0.17912130175939178,0.03797563305353779,29,right,female,2022-09-20T12:35:00Z,2.5500196014451553,0
4,2,10,Kitchen_2,new,1.433854708004219,1,-0.6337053328543255,-0.6337053328543255,0.23178556409689263,29,right,female,2022-09-20T12:35:00Z,-0.40557391829918676,0
4,2,12,Bedroom_10,mirrored,NA,0,-0.4720161341928508,0.4720161341928508,-0.00429463939055829,29,right,female,2022-09-20T12:35:00Z,NA,0
4,2,14,Office_10,mirrored,0.870279249997111,1,-0.02299448275673077,0.02299448275673077,0.02664101188565687,29,right,female,2022-09-20T12:35:00Z,-1.1077786543427617,0
4,2,15,Office_4,mirrored,1.4279054579965305,1,0.6259546800945635,-0.6259546800945635,0.1267541331212093,29,right,female,2022-09-20T12:35:00Z,-0.10575490125532618,0
4,2,16,Office_2,original,NA,0,0.6611510401508034,0.6611510401508034,-0.3611922163773006,29,right,female,2022-09-20T12:35:00Z,NA,0
4,2,18,Office_1,new,1.5942425419998472,1,-0.661386821594225,-0.661386821594225,0.2604588530972458,29,right,female,2022-09-20T12:35:00Z,-0.3364300861223728,0
4,2,19,Bedroom_7,mirrored,NA,0,0.07885572654946726,-0.07885572654946726,-0.39169912647976535,29,right,female,2022-09-20T12:35:00Z,NA,0
4,2,21,Bedroom_9,mirrored,1.72066566599824,1,-0.544969008556006,0.544969008556006,-0.06559630517703835,29,right,female,2022-09-20T12:35:00Z,0.420319157259579,0
4,2,23,Kitchen_4,new,1.3576465000005555,1,-0.22257204438333472,-0.22257204438333472,0.30532879764622234,29,right,female,2022-09-20T12:35:00Z,-0.4384275794119409,0
4,2,24,Bathroom_4,mirrored,1.0351902920010616,1,-0.14844654532488488,0.14844654532488488,0.3229953623895782,29,right,female,2022-09-20T12:35:00Z,-0.8114425444830718,0
4,2,25,Bathroom_8,mirrored,1.2551402079989202,1,-0.16089804177851277,0.16089804177851277,0.13169445204869606,29,right,female,2022-09-20T12:35:00Z,-0.4162045926835216,0
4,2,27,Office_3,mirrored,NA,0,0.21493314430757057,-0.21493314430757057,0.31667276096182917,29,right,female,2022-09-20T12:35:00Z,NA,0
4,2,28,Kitchen_1,new,0.865975791006349,1,-0.01168330004558182,-0.01168330004558182,0.00789832568830994,29,right,female,2022-09-20T12:35:00Z,-0.6503887746100581,0
4,2,29,Kitchen_6,original,2.4729463330004364,1,0.4928514731863744,0.4928514731863744,-0.01457625383623872,29,right,female,2022-09-20T12:35:00Z,-0.090515192237277,0
4,2,30,Kitchen_3,original,1.697529167002358,1,0.20754425709985608,0.20754425709985608,-0.06250980188940647,29,right,female,2022-09-20T12:35:00Z,-0.36216746479872064,0
4,2,31,Bedroom_3,original,9.128823042003203,1,-0.25220813824814603,-0.25220813824814603,-0.08271552962377221,29,right,female,2022-09-20T12:35:00Z,2.241241329508161,0
4,2,32,Bathroom_5,original,NA,0,-0.06340733231030482,-0.06340733231030482,-0.08962330679523733,29,right,female,2022-09-20T12:35:00Z,NA,0
4,2,33,Kitchen_9,new,2.9476741249964107,1,0.29212889843441076,0.29212889843441076,0.3106892116927509,29,right,female,2022-09-20T12:35:00Z,0.247039644132011,0
4,2,34,Bedroom_8,new,1.58113400000002,1,0.36930614495062625,0.36930614495062625,0.01386065039324735,29,right,female,2022-09-20T12:35:00Z,-0.34208123063588664,0
4,2,35,Bedroom_1,new,2.440195250004763,1,-0.35101239973396126,-0.35101239973396126,0.2032798511872048,29,right,female,2022-09-20T12:35:00Z,0.02826348579410795,0
4,2,36,Bedroom_4,original,1.4971389580023242,1,-0.4702380351704055,-0.4702380351704055,-0.2469168006571199,29,right,female,2022-09-20T12:35:00Z,-0.43237026409302554,0
4,2,37,Bedroom_5,original,1.8915866250026736,1,0.15376348984525356,0.15376348984525356,0.33952015511317174,29,right,female,2022-09-20T12:35:00Z,-0.29418322123941143,0
4,2,38,Office_9,new,NA,0,-0.6740296553060512,-0.6740296553060512,0.05952157506026162,29,right,female,2022-09-20T12:35:00Z,NA,0
4,2,39,Bathroom_2,mirrored,1.5342824999970617,1,0.26592667768601297,-0.26592667768601297,0.32533424991875187,29,right,female,2022-09-20T12:35:00Z,0.08539881666286578,0
4,2,40,Bathroom_7,new,0.8612614579978981,1,0.03708909432851715,0.03708909432851715,0.02912049025254315,29,right,female,2022-09-20T12:35:00Z,-0.6524211422918289,0
5,2,1,Office_3,original,2.884365042002173,1,-0.4268819745498939,-0.4268819745498939,-0.00561712695845079,22,right,female,2022-09-20T12:42:00Z,-0.003468024127963838,0
5,2,2,Office_5,original,8.221727416996146,1,0.09108301477721116,0.09108301477721116,0.1513385936517031,22,right,female,2022-09-20T12:42:00Z,2.6443532636292093,0
5,2,3,Bathroom_2,new,13.66439083399746,1,0.659826890656508,0.659826890656508,0.2980886987491601,22,right,female,2022-09-20T12:42:00Z,2.511043568019305,0
5,2,4,Office_10,new,5.279061291999824,1,-0.5059814939663095,-0.5059814939663095,0.1897796498946689,22,right,female,2022-09-20T12:42:00Z,0.2737935428322284,0
5,2,5,Office_1,mirrored,3.750205333002668,1,0.614396696874397,-0.614396696874397,-0.3936057042544783,22,right,female,2022-09-20T12:42:00Z,0.24026311537760559,0
5,2,6,Bedroom_1,mirrored,3.3618055830011144,1,0.5340519244635709,-0.5340519244635709,0.280569701442385,22,right,female,2022-09-20T12:42:00Z,0.00387776524931872,0
5,2,7,Office_4,original,1.82249595799658,1,0.47970638112442754,0.47970638112442754,-0.07514757535749095,22,right,female,2022-09-20T12:42:00Z,-0.5302524857965224,0
5,2,8,Kitchen_10,mirrored,NA,0,0.46518539966178574,-0.46518539966178574,0.34442240225410253,22,right,female,2022-09-20T12:42:00Z,NA,0
5,2,9,Bathroom_10,original,1.867363874996954,1,-0.19786004473635951,-0.19786004473635951,-0.00276111153099323,22,right,female,2022-09-20T12:42:00Z,-0.5079938836211274,0
5,2,10,Office_8,mirrored,2.73751812500268,1,0.35770558653602325,-0.35770558653602325,-0.12498824530789676,22,right,female,2022-09-20T12:42:00Z,-0.37607203991679655,0
5,2,11,Bedroom_9,mirrored,6.855468290996214,1,-0.4438433122718933,0.4438433122718933,-0.17059189439683667,22,right,female,2022-09-20T12:42:00Z,2.1301682236140764,0
5,2,12,Bedroom_2,original,3.8153332080037217,1,0.6688981486134047,0.6688981486134047,-0.37473738857615985,22,right,female,2022-09-20T12:42:00Z,0.4583775758095779,0
5,2,13,Bathroom_3,mirrored,4.1144592499986175,1,-0.618067398663159,0.618067398663159,-0.35117949665802334,22,right,female,2022-09-20T12:42:00Z,0.46195298439616983,0
5,2,14,Bathroom_8,original,2.81756279199908,1,0.4922629472570644,0.4922629472570644,0.10851609574693666,22,right,female,2022-09-20T12:42:00Z,-0.03660806731801722,0
5,2,15,Bathroom_6,new,1.9886447500030044,1,-0.1040790728469838,-0.1040790728469838,0.33594755373845986,22,right,female,2022-09-20T12:42:00Z,-0.6041068968092448,0
5,2,16,Bathroom_4,mirrored,NA,0,-0.41728207980094206,0.41728207980094206,-0.3790606208174532,22,right,female,2022-09-20T12:42:00Z,NA,0
5,2,17,Office_6,new,4.935768249997636,1,-0.48077148853586726,-0.48077148853586726,0.2592475548211389,22,right,female,2022-09-20T12:42:00Z,0.1822011536459384,0
5,2,18,Bedroom_7,new,1.9373463750016529,1,-0.24444677145929555,-0.24444677145929555,0.2878990293547553,22,right,female,2022-09-20T12:42:00Z,-0.6177935730679442,0
5,2,19,Bedroom_10,original,2.7108803749943036,1,0.1891086204300323,0.1891086204300323,0.20807359087388388,22,right,female,2022-09-20T12:42:00Z,-0.08953233120125308,0
5,2,20,Kitchen_8,new,NA,0,-0.2634281810674338,-0.2634281810674338,0.15920655897077196,22,right,female,2022-09-20T12:42:00Z,NA,0
5,2,21,Bathroom_7,original,1.6206607920030365,1,0.06028267679324783,0.06028267679324783,0.09976230741491005,22,right,female,2022-09-20T12:42:00Z,-0.6303812407110341,0
5,2,22,Bedroom_5,mirrored,2.073866333004844,1,-0.2769163250000293,0.2769163250000293,0.14088185124659813,22,right,female,2022-09-20T12:42:00Z,-0.7799795120870181,0
5,2,23,Bedroom_8,new,2.6796245000005,1,0.4110338021249311,0.4110338021249311,0.20724887454027563,22,right,female,2022-09-20T12:42:00Z,-0.4197498652408255,0
5,2,24,Kitchen_4,original,1.607096374995308,1,0.05284118894530676,0.05284118894530676,0.1524746634415399,22,right,female,2022-09-20T12:42:00Z,-0.6371104356926882,0
5,2,25,Office_9,new,3.3761105419980595,1,-0.424634071279529,-0.424634071279529,0.39709599301735343,22,right,female,2022-09-20T12:42:00Z,-0.23392372600595962,0
5,2,26,Bathroom_5,mirrored,2.1759390419974807,1,0.07060308460264997,-0.07060308460264997,0.1067449863867142,22,right,female,2022-09-20T12:42:00Z,-0.7178566784506147,0
5,2,27,Bathroom_1,mirrored,1.7742109169994364,1,-0.42053604008724393,0.42053604008724393,0.13315793177685875,22,right,female,2022-09-20T12:42:00Z,-0.9623538581827413,0
5,2,28,Bedroom_6,new,2.513410290994216,1,-0.6592611814539965,-0.6592611814539965,0.02986917890958124,22,right,female,2022-09-20T12:42:00Z,-0.46409669042203,0
5,2,29,Office_7,original,1.546071500000835,1,-0.10146062018001978,-0.10146062018001978,0.117278747729001,22,right,female,2022-09-20T12:42:00Z,-0.6673843709701798,0
5,2,30,Kitchen_5,new,1.9014627500000645,1,-0.3537686328198726,-0.3537686328198726,-0.3621363575708396,22,right,female,2022-09-20T12:42:00Z,-0.6273675129514663,0
6,2,1,Office_7,original,1.8246666660052144,1,-0.1403774136459438,-0.1403774136459438,0.2672064432252881,24,right,female,2022-09-20T12:53:00Z,0.16236334377786643,0
6,2,2,Office_3,original,1.6100860000005923,1,-0.02267384244167747,-0.02267384244167747,-0.06111130341743387,24,right,female,2022-09-20T12:53:00Z,-0.09636063622075867,0
6,2,3,Bathroom_8,original,0.6952329170017038,1,0.04162649391899598,0.04162649391899598,0.04721448551716267,24,right,female,2022-09-20T12:53:00Z,-1.1994163548677803,0
6,2,4,Bedroom_3,new,3.5076066670008004,0,0.32618401811282394,0.32618401811282394,-0.23857644450653132,24,right,female,2022-09-20T12:53:00Z,1.4724286368589865,0
6,2,5,Bathroom_3,mirrored,2.6842968329947325,1,-0.02666521903079521,0.02666521903079521,-0.33915404483392375,24,right,female,2022-09-20T12:53:00Z,-0.3034080480253768,0
6,2,6,Office_8,mirrored,2.1659464170006686,1,0.24126267162465748,-0.24126267162465748,-0.31872284973872345,24,right,female,2022-09-20T12:53:00Z,-0.49003033637928045,0
6,2,7,Office_2,new,2.312596540999948,1,-0.49238929092756833,-0.49238929092756833,-0.11431745343560872,24,right,female,2022-09-20T12:53:00Z,0.09260530686390782,0
6,2,8,Bathroom_1,mirrored,3.345477875001962,1,-0.2712528936984976,0.2712528936984976,0.09995644216191012,24,right,female,2022-09-20T12:53:00Z,-0.065362287342471,0
6,2,9,Kitchen_6,new,2.957880916997965,1,0.48702907001905327,0.48702907001905327,-0.3042442546850896,24,right,female,2022-09-20T12:53:00Z,0.8376855510481692,0
6,2,10,Office_1,mirrored,2.720231541999965,1,0.5177659279830303,-0.5177659279830303,-0.17653352653346222,24,right,female,2022-09-20T12:53:00Z,-0.2904704339732548,0
6,2,11,Kitchen_1,new,2.240190791002533,1,0.4736218949583064,0.4736218949583064,-0.3427500477197043,24,right,female,2022-09-20T12:53:00Z,0.009001711464622288,0
6,2,12,Kitchen_3,new,3.4998450839993893,1,-0.26546415016121583,-0.26546415016121583,-0.01213760206549896,24,right,female,2022-09-20T12:53:00Z,1.4634666932988256,0
6,2,13,Kitchen_4,original,NA,0,0.5673330487011146,0.5673330487011146,0.301086541445737,24,right,female,2022-09-20T12:53:00Z,NA,0
6,2,14,Kitchen_7,new,2.092664582996804,1,-0.0537656925238269,-0.0537656925238269,-0.19792281875243184,24,right,female,2022-09-20T12:53:00Z,-0.16134002804283576,0
6,2,15,Bedroom_1,mirrored,3.0554946249976642,1,0.4706196552197236,-0.4706196552197236,0.04557476630602164,24,right,female,2022-09-20T12:53:00Z,-0.16976528583591466,0
6,2,16,Bathroom_7,original,1.7892335419965093,1,0.5566478052294882,0.5566478052294882,0.3388502491269874,24,right,female,2022-09-20T12:53:00Z,0.1196409539278901,0
6,2,17,Kitchen_9,new,1.9076978750017588,1,-0.06216988585264549,-0.06216988585264549,-0.34439461893617707,24,right,female,2022-09-20T12:53:00Z,-0.3749125940076603,0
6,2,18,Bedroom_2,original,1.3479919169985806,1,0.4352882986763635,0.4352882986763635,-0.27703002437030855,24,right,female,2022-09-20T12:53:00Z,-0.412372444511585,0
6,2,19,Kitchen_10,mirrored,3.1045672909967834,1,0.20518403000034055,-0.20518403000034055,0.29425622314744865,24,right,female,2022-09-20T12:53:00Z,-0.15209759822189084,0
6,2,20,Bathroom_4,mirrored,11.13108483299584,1,-0.4025092770711961,0.4025092770711961,-0.39227897267559664,24,right,female,2022-09-20T12:53:00Z,2.7376986187406667,0
6,2,21,Bedroom_5,mirrored,3.490588459004357,1,-0.03125538000916395,0.03125538000916395,0.2579885706056585,24,right,female,2022-09-20T12:53:00Z,-0.01311795915192804,0
6,2,22,Bathroom_10,original,1.3748264169989852,1,-0.1588627992146816,-0.1588627992146816,-0.21158487943971915,24,right,female,2022-09-20T12:53:00Z,-0.38001757876040754,0
6,2,23,Office_5,original,1.4457919170017703,1,0.5414251957273847,0.5414251957273847,0.1163818683650632,24,right,female,2022-09-20T12:53:00Z,-0.2944531290586925,0
6,2,24,Bathroom_5,mirrored,0.8111975829961011,1,0.29620691179910136,-0.29620691179910136,0.13429758410898313,24,right,female,2022-09-20T12:53:00Z,-0.9777820960877369,0
6,2,25,Kitchen_2,new,1.488745791000838,1,0.6022611560731298,0.6022611560731298,-0.3415143600919954,24,right,female,2022-09-20T12:53:00Z,-0.8586573314594634,0
6,2,26,Bedroom_9,mirrored,2.7613553749979474,1,-0.3863463934281718,0.3863463934281718,-0.226297673931959,24,right,female,2022-09-20T12:53:00Z,-0.2756645737228115,0
6,2,27,Office_4,original,1.4023530420017778,1,0.6850373820930116,0.6850373820930116,-0.1719060355612083,24,right,female,2022-09-20T12:53:00Z,-0.34682820476294424,0
6,2,28,Bathroom_9,new,1.1636090419997345,1,0.0312529304354775,0.0312529304354775,-0.05127351452017642,24,right,female,2022-09-20T12:53:00Z,-1.2340778086162878,0
6,2,29,Bedroom_4,new,1.153110375002143,1,0.22353739706951856,0.22353739706951856,-0.3800967878020848,24,right,female,2022-09-20T12:53:00Z,-1.2462001374082663,0
6,2,30,Bedroom_10,original,3.719868416999816,1,0.4995419480490231,0.4995419480490231,0.378565469818776,24,right,female,2022-09-20T12:53:00Z,2.4474440504764123,0
7,2,1,Kitchen_10,new,1.4969978329972946,1,-0.6132292939349454,-0.6132292939349454,0.3728706106997204,26,right,female,2022-09-20T13:00:00Z,-0.8257295189644742,0
7,2,2,Bedroom_7,new,5.3659642920029,1,0.6016759784868408,0.6016759784868408,0.04938739899690386,26,right,female,2022-09-20T13:00:00Z,0.32518187125381964,0
7,2,3,Bedroom_2,original,1.520951333004632,1,-0.04910673339965121,-0.04910673339965121,-0.38418182350467034,26,right,female,2022-09-20T13:00:00Z,-0.6251584822664685,0
7,2,4,Office_7,mirrored,1.3024330839980394,1,0.5777835245371081,-0.5777835245371081,-0.06066950929860371,26,right,female,2022-09-20T13:00:00Z,-0.6984257694615276,0
7,2,5,Kitchen_8,mirrored,1.0824605419984437,1,0.4217340301222011,-0.4217340301222011,0.2049672344730624,26,right,female,2022-09-20T13:00:00Z,-0.743904478058007,0
7,2,6,Bedroom_3,mirrored,3.8989369999981136,1,-0.49555455578708457,0.49555455578708457,-0.22874708721318876,26,right,female,2022-09-20T13:00:00Z,-0.16160583779204646,0
7,2,7,Bedroom_9,original,NA,0,0.00696556437947248,0.00696556437947248,0.11210107109362157,26,right,female,2022-09-20T13:00:00Z,NA,0
7,2,8,Office_10,new,2.873850540992862,1,-0.4477296629798377,-0.4477296629798377,0.392895768983282,26,right,female,2022-09-20T13:00:00Z,-0.4161536073934338,0
7,2,9,Bathroom_2,new,NA,0,-0.38728929861516415,-0.38728929861516415,0.1486875295084924,26,right,female,2022-09-20T13:00:00Z,NA,0
7,2,10,Office_4,original,2.1342084999996587,1,0.6852200142028025,0.6852200142028025,0.1311974628465819,26,right,female,2022-09-20T13:00:00Z,-0.14409886641854908,0
7,2,11,Bedroom_6,mirrored,NA,0,0.05053212798720152,-0.05053212798720152,0.0952794548007751,26,right,female,2022-09-20T13:00:00Z,NA,0
7,2,12,Bathroom_9,new,10.886051834000682,1,0.12793453027785173,0.12793453027785173,0.2729041850502584,26,right,female,2022-09-20T13:00:00Z,1.9672564910271382,0
7,2,13,Office_6,original,2.632446499999787,1,-0.34907962636529205,-0.34907962636529205,0.07199084202902056,26,right,female,2022-09-20T13:00:00Z,0.2467358335741887,0
7,2,14,Bedroom_4,mirrored,10.875968667001873,1,0.1254841367121391,-0.1254841367121391,-0.17725976998314513,26,right,female,2022-09-20T13:00:00Z,1.2808759700176577,0
7,2,15,Bathroom_3,new,3.0115808339978685,1,0.4536998154227153,0.4536998154227153,0.16791049837471525,26,right,female,2022-09-20T13:00:00Z,-0.3751826233652326,0
7,2,16,Bathroom_7,mirrored,1.3540210829960415,1,-0.4843587667885886,0.4843587667885886,-0.1769441212649567,26,right,female,2022-09-20T13:00:00Z,-0.6877600947724114,0
7,2,17,Kitchen_2,mirrored,1.0995261249991015,1,-0.14566599394437585,0.14566599394437585,-0.02761281069907623,26,right,female,2022-09-20T13:00:00Z,-0.7403762164428941,0
7,2,18,Kitchen_6,mirrored,6.079582624995965,1,0.12458258375211329,-0.12458258375211329,0.23325464875936705,26,right,female,2022-09-20T13:00:00Z,0.2892365538535765,0
7,2,19,Bedroom_8,new,1.6587789580007666,1,0.5780293111364065,0.5780293111364065,0.11546611820419544,26,right,female,2022-09-20T13:00:00Z,-0.7776040721657752,0
7,2,20,Office_2,new,8.653686541998468,1,0.16884892386423211,0.16884892386423211,0.2516358085079601,26,right,female,2022-09-20T13:00:00Z,1.3031890536594641,0
7,2,21,Bedroom_1,original,2.2769173340057023,1,-0.04641139148102091,-0.04641139148102091,0.08562192916463013,26,right,female,2022-09-20T13:00:00Z,-0.032153241385831595,0
7,2,22,Office_9,mirrored,14.256011792000209,1,0.09143838863148256,-0.09143838863148256,-0.3737232824192625,26,right,female,2022-09-20T13:00:00Z,1.9796904444424495,0
7,2,23,Kitchen_5,original,1.138665457998286,1,-0.5613781086741942,-0.5613781086741942,0.23148197928630007,26,right,female,2022-09-20T13:00:00Z,-0.9250364226674977,0
7,2,24,Office_1,original,4.3431387079981505,1,-0.15074828378024574,-0.15074828378024574,0.3794922761982959,26,right,female,2022-09-20T13:00:00Z,1.588660527982849,0
7,2,25,Kitchen_3,new,2.40943641600461,1,-0.5186063882595776,-0.5186063882595776,-0.35437353737164995,26,right,female,2022-09-20T13:00:00Z,-0.5543040700274826,0
7,2,26,Bathroom_6,original,0.9781209170032524,1,-0.0303279702627166,-0.0303279702627166,-0.06307695877650044,26,right,female,2022-09-20T13:00:00Z,-1.0509729781194093,0
7,2,27,Office_3,mirrored,2.1764240830016206,1,-0.4246744697700341,0.4246744697700341,0.05453267932241001,26,right,female,2022-09-20T13:00:00Z,-0.5177305717867975,0
7,2,28,Kitchen_4,new,2.098989458005235,1,-0.5861861810440959,-0.5861861810440959,0.2539230829364927,26,right,female,2022-09-20T13:00:00Z,-0.6466535240240242,0
7,2,29,Bathroom_8,original,4.3714971669978695,1,-0.513199449557506,-0.513199449557506,-0.07117840696745303,26,right,female,2022-09-20T13:00:00Z,1.6109058601642736,0
7,2,30,Kitchen_9,original,1.465212082999642,1,-0.3882811322982797,-0.3882811322982797,0.3192191131655196,26,right,female,2022-09-20T13:00:00Z,-0.6688822308635544,0
8,2,1,Kitchen_6,mirrored,9.67465387500124,1,0.5493184512070175,-0.5493184512070175,-0.13171637237006045,22,right,female,2022-09-20T13:08:00Z,1.0346852748280733,0
8,2,2,Bathroom_4,new,4.4332623750015046,1,-0.48818864755913394,-0.48818864755913394,0.32971747846670657,22,right,female,2022-09-20T13:08:00Z,0.7504994959586514,0
8,2,3,Kitchen_8,mirrored,NA,0,-0.6249524223782977,0.6249524223782977,0.03880857595406811,22,right,female,2022-09-20T13:08:00Z,NA,0
8,2,4,Office_10,original,2.049809666998044,1,0.6469730403606521,0.6469730403606521,-0.24170997199801275,22,right,female,2022-09-20T13:08:00Z,-0.4173394691642176,0
8,2,5,Bedroom_9,new,NA,0,-0.09463580717962704,-0.09463580717962704,0.39993494978878674,22,right,female,2022-09-20T13:08:00Z,NA,0
8,2,6,Kitchen_10,mirrored,2.103768166998634,1,-0.642067911585737,0.642067911585737,-0.02273737490461519,22,right,female,2022-09-20T13:08:00Z,-0.8964999710122049,0
8,2,7,Office_6,new,3.795064000005368,1,-0.5788354761809806,-0.5788354761809806,0.3265322771616228,22,right,female,2022-09-20T13:08:00Z,0.32461640559669785,0
8,2,8,Office_4,mirrored,NA,0,-0.5884572128600527,0.5884572128600527,-0.12850698622720425,22,right,female,2022-09-20T13:08:00Z,NA,0
8,2,9,Bedroom_8,original,2.3148204169992823,1,0.08429136188632347,0.08429136188632347,0.32578977991092584,22,right,female,2022-09-20T13:08:00Z,-0.35420389471936586,0
8,2,10,Office_2,mirrored,1.9122942909962148,1,0.3161810841648261,-0.3161810841648261,0.32416090528111746,22,right,female,2022-09-20T13:08:00Z,-0.9453412213706491,0
8,2,11,Kitchen_7,mirrored,10.469863833001,1,-0.22345378099563495,0.22345378099563495,0.08256045525774647,22,right,female,2022-09-20T13:08:00Z,1.2375278215873162,0
8,2,12,Bathroom_1,new,1.6276532499978202,1,-0.3226686840438413,-0.3226686840438413,0.04894125371662172,22,right,female,2022-09-20T13:08:00Z,-1.1217420065545745,0
8,2,13,Office_9,new,NA,0,0.1208377310873967,0.1208377310873967,0.31798354707555654,22,right,female,2022-09-20T13:08:00Z,NA,0
8,2,14,Bedroom_7,original,14.449126999999862,1,-0.3084062145516911,-0.3084062145516911,-0.09498949623540104,22,right,female,2022-09-20T13:08:00Z,2.536646444763498,0
8,2,15,Bathroom_5,original,2.584185667001293,1,0.6093022477069415,0.6093022477069415,0.10854422223154764,22,right,female,2022-09-20T13:08:00Z,-0.2900309138335769,0
8,2,16,Kitchen_3,new,2.2281116250014747,1,0.6507925537053012,0.6507925537053012,0.04609682292340966,22,right,female,2022-09-20T13:08:00Z,-0.7210436055568888,0
8,2,17,Bedroom_2,original,1.6059618330036756,1,0.2732163914510049,0.2732163914510049,-0.3461153029168442,22,right,female,2022-09-20T13:08:00Z,-0.5230807946206631,0
8,2,18,Office_8,original,5.695220917004917,1,0.2156651197687672,0.2156651197687672,0.1090065888239506,22,right,female,2022-09-20T13:08:00Z,0.45113523744988654,0
8,2,19,Bedroom_1,new,5.407153124993783,1,-0.3479603299823402,-0.3479603299823402,-0.1526067796687588,22,right,female,2022-09-20T13:08:00Z,1.4003971117025702,0
8,2,20,Bathroom_2,mirrored,NA,0,0.2506682788269104,-0.2506682788269104,-0.09959003505146702,22,right,female,2022-09-20T13:08:00Z,NA,0
8,2,21,Bedroom_10,new,2.073600625000836,1,0.20083223026859004,0.20083223026859004,0.05436039364963691,22,right,female,2022-09-20T13:08:00Z,-0.8241520194189365,0
8,2,22,Bathroom_8,new,4.910516875002941,1,-0.28377480362198915,-0.28377480362198915,0.19376395729734977,22,right,female,2022-09-20T13:08:00Z,1.0689813807660062,0
8,2,23,Bedroom_4,mirrored,NA,0,-0.4108309657057688,0.4108309657057688,-0.20653861203007243,22,right,female,2022-09-20T13:08:00Z,NA,0
8,2,24,Kitchen_4,original,2.1482197090008412,1,0.6705815942347633,0.6705815942347633,0.03113179015898254,22,right,female,2022-09-20T13:08:00Z,-0.39389447860077986,0
8,2,25,Office_3,new,1.9935720419962308,1,0.5368103001823905,0.5368103001823905,0.30911518861509396,22,right,female,2022-09-20T13:08:00Z,-0.8775567624935261,0
8,2,26,Bedroom_3,mirrored,6.936193416004244,1,-0.4109503281859661,0.4109503281859661,0.3170221259201458,22,right,female,2022-09-20T13:08:00Z,0.33615743558966654,0
8,2,27,Bathroom_10,original,1.089036417004536,1,-0.05014415405515227,-0.05014415405515227,0.00654567165188252,22,right,female,2022-09-20T13:08:00Z,-0.6462319614472811,0
8,2,28,Office_5,mirrored,2.613296083996829,1,0.18879757173313605,-0.18879757173313605,0.33612269697492775,22,right,female,2022-09-20T13:08:00Z,-0.7665293396222025,0
8,2,29,Kitchen_9,original,NA,0,-0.23918069517527063,-0.23918069517527063,0.2960966867873181,22,right,female,2022-09-20T13:08:00Z,NA,0
8,2,30,Bathroom_3,original,2.2778981669980567,1,0.2622562406550524,0.2622562406550524,-0.260154667221689,22,right,female,2022-09-20T13:08:00Z,-0.36300016982749983,0
9,2,1,Office_9,mirrored,3.763699374998396,1,-0.6758166586171956,0.6758166586171956,0.30995028248767836,22,right,male,2022-09-20T13:18:00Z,0.18189754890752363,0
9,2,2,Kitchen_5,mirrored,2.5605406659960863,1,0.3175793673881745,-0.3175793673881745,-0.17506161851371027,22,right,male,2022-09-20T13:18:00Z,-0.49540386620532056,0
9,2,3,Bathroom_5,original,7.54286154199508,1,0.11492315490495764,0.11492315490495764,-0.3425455638660774,22,right,male,2022-09-20T13:18:00Z,1.7897936701662365,0
9,2,4,Bathroom_1,original,1.1929848330037205,1,-0.11579080551626586,-0.11579080551626586,0.23427914112245735,22,right,male,2022-09-20T13:18:00Z,-0.7931548203015957,0
9,2,5,Bedroom_6,original,1.536008666997077,1,0.28185312351784847,0.28185312351784847,0.35336060040757433,22,right,male,2022-09-20T13:18:00Z,-0.6536225215164801,0
9,2,6,Kitchen_7,mirrored,6.250190750004549,1,0.1104012729759587,-0.1104012729759587,-0.00334828028083178,22,right,male,2022-09-20T13:18:00Z,1.5816331900633378,0
9,2,7,Bathroom_9,mirrored,6.520264790997317,1,0.25453313216228257,-0.25453313216228257,-0.02590347928786773,22,right,male,2022-09-20T13:18:00Z,1.733667604792654,0
9,2,8,Office_3,mirrored,3.5323749170056544,1,0.3811484288399132,-0.3811484288399132,-0.32051919453771566,22,right,male,2022-09-20T13:18:00Z,0.051676671498411465,0
9,2,9,Bathroom_10,original,2.0468843749986263,1,-0.6778511372463288,-0.6778511372463288,-0.15436119529114797,22,right,male,2022-09-20T13:18:00Z,-0.44581287429438593,0
9,2,10,Office_8,new,6.324917958001606,1,-0.5111950536770502,-0.5111950536770502,-0.11799079900055735,22,right,male,2022-09-20T13:18:00Z,0.5013063535367877,0
9,2,11,Bathroom_6,original,2.3402854170053615,1,0.6648666337160452,0.6648666337160452,-0.00613635720193789,22,right,male,2022-09-20T13:18:00Z,-0.3264657100447411,0
9,2,12,Office_10,new,6.253586833001464,1,-0.6970797140887541,-0.6970797140887541,-0.13091941974287152,22,right,male,2022-09-20T13:18:00Z,0.4796752807210023,0
9,2,13,Kitchen_8,mirrored,1.6662209999994957,1,-0.15047155319058603,0.15047155319058603,0.06494138103640112,22,right,male,2022-09-20T13:18:00Z,-0.9988486493503631,0
9,2,14,Office_2,new,NA,0,-0.01427315784279337,-0.01427315784279337,-0.01053972625627586,22,right,male,2022-09-20T13:18:00Z,NA,0
9,2,15,Office_4,new,7.034721292002359,1,0.6512464546287979,0.6512464546287979,-0.39875471484849,22,right,male,2022-09-20T13:18:00Z,0.7165533106347838,0
9,2,16,Bedroom_5,original,2.478015583001252,1,0.08291667408176961,0.08291667408176961,0.21002116940566257,22,right,male,2022-09-20T13:18:00Z,-0.2704410121404133,0
9,2,17,Bathroom_2,original,0.8833387920021778,1,0.03972430023307261,0.03972430023307261,-0.02566789938049935,22,right,male,2022-09-20T13:18:00Z,-0.9191099861793468,0
9,2,18,Bedroom_2,new,3.75054999999702,1,-0.19928363562731244,-0.19928363562731244,-0.3652943391139423,22,right,male,2022-09-20T13:18:00Z,-0.27936745125895196,0
9,2,19,Bathroom_7,original,1.8485262920003152,1,-0.3407573754990099,-0.3407573754990099,0.26482220026111924,22,right,male,2022-09-20T13:18:00Z,-0.5264992772803054,0
9,2,20,Kitchen_6,mirrored,1.754270457997336,1,-0.23015738129474592,0.23015738129474592,-0.17482420884191605,22,right,male,2022-09-20T13:18:00Z,-0.9492824349717895,0
9,2,21,Bedroom_4,new,1.0955735839961562,1,0.00352049976595625,0.00352049976595625,-0.13385748379293766,22,right,male,2022-09-20T13:18:00Z,-1.0844856682868298,0
9,2,22,Office_6,new,2.215323666001495,1,0.494598809071735,0.494598809071735,0.22563724586450495,22,right,male,2022-09-20T13:18:00Z,-0.7449228819254669,0
9,2,23,Kitchen_2,new,3.072290249998332,1,-0.6430057229179611,-0.6430057229179611,-0.3426247598982364,22,right,male,2022-09-20T13:18:00Z,-0.48504885667921777,0
9,2,24,Bedroom_8,mirrored,4.1540653749980265,1,-0.39635613368860734,0.39635613368860734,0.387677321433235,22,right,male,2022-09-20T13:18:00Z,0.4016486442812454,0
9,2,25,Bathroom_3,new,11.128448875002505,0,-0.0439111367041165,-0.0439111367041165,-0.2099015376369776,22,right,male,2022-09-20T13:18:00Z,1.9579709867991237,0
9,2,26,Office_7,original,4.095640416002425,1,0.2259439212425353,0.2259439212425353,-0.11446512885757704,22,right,male,2022-09-20T13:18:00Z,0.3875625699806872,0
9,2,27,Kitchen_9,original,7.464085833002173,1,-0.01584541194766575,-0.01584541194766575,-0.3028237185053082,22,right,male,2022-09-20T13:18:00Z,1.7577499616103447,0
9,2,28,Bedroom_3,mirrored,2.2608852080011275,1,-0.6008108093128119,0.6008108093128119,0.04396266899239071,22,right,male,2022-09-20T13:18:00Z,-0.6640907270722218,0
9,2,29,Kitchen_1,new,1.1707745419989806,1,-0.01973233840097987,-0.01973233840097987,-0.22280537725131744,22,right,male,2022-09-20T13:18:00Z,-1.0616810735412308,0
9,2,30,Bedroom_9,mirrored,1.9432518749963492,1,0.2296958121764799,-0.2296958121764799,0.2706082536191087,22,right,male,2022-09-20T13:18:00Z,-0.8428979819434764,0
